{"tileSize":16,"mapWidth":134,"mapHeight":46,"layers":[{"name":"Layer_7","tiles":[{"id":"0","x":114,"y":17},{"id":"1","x":115,"y":17},{"id":"2","x":116,"y":17},{"id":"3","x":117,"y":17},{"id":"4","x":114,"y":18},{"id":"5","x":115,"y":18},{"id":"6","x":116,"y":18},{"id":"7","x":117,"y":18},{"id":"8","x":114,"y":19},{"id":"9","x":115,"y":19},{"id":"10","x":116,"y":19},{"id":"11","x":117,"y":19},{"id":"12","x":114,"y":20},{"id":"13","x":115,"y":20},{"id":"14","x":116,"y":20},{"id":"15","x":117,"y":20},{"id":"16","x":114,"y":21},{"id":"17","x":115,"y":21},{"id":"18","x":116,"y":21},{"id":"19","x":117,"y":21},{"id":"16","x":116,"y":22},{"id":"17","x":117,"y":22},{"id":"18","x":118,"y":22},{"id":"19","x":119,"y":22},{"id":"16","x":119,"y":23},{"id":"17","x":120,"y":23},{"id":"18","x":121,"y":23},{"id":"19","x":122,"y":23},{"id":"16","x":119,"y":24},{"id":"17","x":120,"y":24},{"id":"18","x":121,"y":24},{"id":"19","x":122,"y":24},{"id":"16","x":119,"y":25},{"id":"17","x":120,"y":25},{"id":"18","x":121,"y":25},{"id":"19","x":122,"y":25},{"id":"0","x":118,"y":17},{"id":"1","x":119,"y":17},{"id":"2","x":120,"y":17},{"id":"4","x":118,"y":18},{"id":"5","x":119,"y":18},{"id":"6","x":120,"y":18},{"id":"8","x":118,"y":19},{"id":"9","x":119,"y":19},{"id":"10","x":120,"y":19},{"id":"12","x":118,"y":20},{"id":"13","x":119,"y":20},{"id":"14","x":120,"y":20},{"id":"16","x":118,"y":21},{"id":"17","x":119,"y":21},{"id":"18","x":120,"y":21},{"id":"0","x":121,"y":18},{"id":"1","x":122,"y":18},{"id":"2","x":123,"y":18},{"id":"4","x":121,"y":19},{"id":"5","x":122,"y":19},{"id":"6","x":123,"y":19},{"id":"8","x":121,"y":20},{"id":"9","x":122,"y":20},{"id":"10","x":123,"y":20},{"id":"12","x":121,"y":21},{"id":"13","x":122,"y":21},{"id":"14","x":123,"y":21},{"id":"16","x":121,"y":22},{"id":"17","x":122,"y":22},{"id":"18","x":123,"y":22},{"id":"15","x":120,"y":22},{"id":"4","x":121,"y":17},{"id":"5","x":122,"y":17},{"id":"6","x":123,"y":17},{"id":"7","x":124,"y":17},{"id":"4","x":114,"y":16},{"id":"5","x":115,"y":16},{"id":"6","x":116,"y":16},{"id":"7","x":117,"y":16},{"id":"4","x":118,"y":16},{"id":"5","x":119,"y":16},{"id":"6","x":120,"y":16},{"id":"7","x":121,"y":16},{"id":"4","x":123,"y":16},{"id":"5","x":124,"y":16},{"id":"6","x":125,"y":16},{"id":"7","x":126,"y":16},{"id":"4","x":122,"y":16},{"id":"4","x":124,"y":18},{"id":"5","x":125,"y":18},{"id":"6","x":126,"y":18},{"id":"7","x":127,"y":18},{"id":"8","x":124,"y":19},{"id":"9","x":125,"y":19},{"id":"10","x":126,"y":19},{"id":"11","x":127,"y":19},{"id":"12","x":124,"y":20},{"id":"13","x":125,"y":20},{"id":"14","x":126,"y":20},{"id":"15","x":127,"y":20},{"id":"16","x":124,"y":21},{"id":"17","x":125,"y":21},{"id":"18","x":126,"y":21},{"id":"19","x":127,"y":21},{"id":"20","x":124,"y":22},{"id":"21","x":125,"y":22},{"id":"22","x":126,"y":22},{"id":"23","x":127,"y":22},{"id":"0","x":125,"y":17},{"id":"1","x":126,"y":17},{"id":"2","x":127,"y":17},{"id":"3","x":128,"y":17},{"id":"4","x":127,"y":16},{"id":"5","x":128,"y":16},{"id":"6","x":129,"y":16},{"id":"4","x":123,"y":23},{"id":"5","x":124,"y":23},{"id":"6","x":125,"y":23},{"id":"4","x":123,"y":24},{"id":"5","x":124,"y":24},{"id":"6","x":125,"y":24},{"id":"4","x":123,"y":25},{"id":"5","x":124,"y":25},{"id":"6","x":125,"y":25},{"id":"8","x":126,"y":23},{"id":"9","x":127,"y":23},{"id":"8","x":126,"y":24},{"id":"9","x":127,"y":24},{"id":"10","x":128,"y":24},{"id":"8","x":126,"y":25},{"id":"9","x":127,"y":25},{"id":"10","x":128,"y":25},{"id":"3","x":128,"y":18},{"id":"24","x":129,"y":18},{"id":"7","x":128,"y":19},{"id":"25","x":129,"y":19},{"id":"11","x":128,"y":20},{"id":"26","x":129,"y":20},{"id":"15","x":128,"y":21},{"id":"27","x":129,"y":21},{"id":"19","x":128,"y":22},{"id":"28","x":129,"y":22},{"id":"23","x":128,"y":23},{"id":"29","x":129,"y":23},{"id":"14","x":129,"y":24},{"id":"14","x":129,"y":25},{"id":"14","x":129,"y":17},{"id":"30","x":94,"y":17},{"id":"31","x":95,"y":17},{"id":"32","x":94,"y":18},{"id":"33","x":95,"y":18},{"id":"34","x":94,"y":19},{"id":"35","x":95,"y":19},{"id":"36","x":94,"y":20},{"id":"37","x":95,"y":20},{"id":"38","x":133,"y":18},{"id":"39","x":133,"y":19},{"id":"40","x":133,"y":20},{"id":"41","x":133,"y":21},{"id":"42","x":133,"y":22},{"id":"40","x":133,"y":29},{"id":"41","x":133,"y":30},{"id":"42","x":133,"y":31},{"id":"43","x":133,"y":32},{"id":"44","x":133,"y":33},{"id":"45","x":133,"y":34},{"id":"46","x":133,"y":35},{"id":"47","x":75,"y":26},{"id":"48","x":76,"y":26},{"id":"49","x":77,"y":26},{"id":"50","x":78,"y":26},{"id":"51","x":79,"y":26},{"id":"52","x":75,"y":27},{"id":"53","x":76,"y":27},{"id":"54","x":77,"y":27},{"id":"55","x":78,"y":27},{"id":"56","x":79,"y":27},{"id":"57","x":75,"y":28},{"id":"58","x":76,"y":28},{"id":"59","x":77,"y":28},{"id":"60","x":78,"y":28},{"id":"61","x":79,"y":28},{"id":"62","x":75,"y":29},{"id":"63","x":76,"y":29},{"id":"64","x":77,"y":29},{"id":"65","x":78,"y":29},{"id":"66","x":79,"y":29},{"id":"67","x":75,"y":30},{"id":"68","x":76,"y":30},{"id":"69","x":77,"y":30},{"id":"70","x":78,"y":30},{"id":"71","x":79,"y":30},{"id":"72","x":75,"y":31},{"id":"73","x":76,"y":31},{"id":"74","x":77,"y":31},{"id":"75","x":78,"y":31},{"id":"76","x":79,"y":31},{"id":"77","x":75,"y":32},{"id":"78","x":76,"y":32},{"id":"79","x":77,"y":32},{"id":"80","x":79,"y":32},{"id":"81","x":79,"y":33},{"id":"82","x":79,"y":34},{"id":"83","x":127,"y":27},{"id":"84","x":128,"y":27},{"id":"85","x":129,"y":27},{"id":"86","x":130,"y":27},{"id":"87","x":127,"y":28},{"id":"88","x":128,"y":28},{"id":"89","x":129,"y":28},{"id":"90","x":130,"y":28},{"id":"91","x":127,"y":29},{"id":"92","x":128,"y":29},{"id":"93","x":129,"y":29},{"id":"94","x":130,"y":29},{"id":"95","x":127,"y":30},{"id":"96","x":128,"y":30},{"id":"97","x":129,"y":30},{"id":"98","x":130,"y":30},{"id":"83","x":123,"y":29},{"id":"84","x":124,"y":29},{"id":"85","x":125,"y":29},{"id":"86","x":126,"y":29},{"id":"87","x":123,"y":30},{"id":"88","x":124,"y":30},{"id":"89","x":125,"y":30},{"id":"90","x":126,"y":30},{"id":"91","x":123,"y":31},{"id":"92","x":124,"y":31},{"id":"93","x":125,"y":31},{"id":"94","x":126,"y":31},{"id":"95","x":123,"y":32},{"id":"96","x":124,"y":32},{"id":"97","x":125,"y":32},{"id":"98","x":126,"y":32},{"id":"99","x":119,"y":31},{"id":"100","x":120,"y":31},{"id":"101","x":121,"y":31},{"id":"102","x":122,"y":31},{"id":"103","x":119,"y":32},{"id":"104","x":120,"y":32},{"id":"105","x":121,"y":32},{"id":"106","x":122,"y":32},{"id":"99","x":115,"y":31},{"id":"100","x":116,"y":31},{"id":"101","x":117,"y":31},{"id":"102","x":118,"y":31},{"id":"103","x":115,"y":32},{"id":"104","x":116,"y":32},{"id":"105","x":117,"y":32},{"id":"106","x":118,"y":32},{"id":"99","x":111,"y":31},{"id":"100","x":112,"y":31},{"id":"101","x":113,"y":31},{"id":"102","x":114,"y":31},{"id":"103","x":111,"y":32},{"id":"104","x":112,"y":32},{"id":"105","x":113,"y":32},{"id":"106","x":114,"y":32},{"id":"83","x":107,"y":31},{"id":"84","x":108,"y":31},{"id":"85","x":109,"y":31},{"id":"86","x":110,"y":31},{"id":"87","x":107,"y":32},{"id":"88","x":108,"y":32},{"id":"89","x":109,"y":32},{"id":"90","x":110,"y":32},{"id":"91","x":107,"y":33},{"id":"92","x":108,"y":33},{"id":"93","x":109,"y":33},{"id":"94","x":110,"y":33},{"id":"95","x":107,"y":34},{"id":"96","x":108,"y":34},{"id":"97","x":109,"y":34},{"id":"98","x":110,"y":34},{"id":"107","x":101,"y":33},{"id":"99","x":102,"y":33},{"id":"100","x":103,"y":33},{"id":"101","x":104,"y":33},{"id":"102","x":105,"y":33},{"id":"108","x":106,"y":33},{"id":"109","x":101,"y":34},{"id":"103","x":102,"y":34},{"id":"104","x":103,"y":34},{"id":"105","x":104,"y":34},{"id":"106","x":105,"y":34},{"id":"110","x":106,"y":34},{"id":"102","x":99,"y":33},{"id":"108","x":100,"y":33},{"id":"106","x":99,"y":34},{"id":"110","x":100,"y":34},{"id":"111","x":98,"y":35},{"id":"112","x":95,"y":37},{"id":"99","x":94,"y":33},{"id":"100","x":95,"y":33},{"id":"101","x":96,"y":33},{"id":"102","x":97,"y":33},{"id":"108","x":98,"y":33},{"id":"103","x":94,"y":34},{"id":"104","x":95,"y":34},{"id":"105","x":96,"y":34},{"id":"106","x":97,"y":34},{"id":"110","x":98,"y":34},{"id":"108","x":93,"y":33},{"id":"110","x":93,"y":34},{"id":"3","x":130,"y":16},{"id":"7","x":130,"y":17},{"id":"11","x":130,"y":18},{"id":"15","x":130,"y":19},{"id":"19","x":130,"y":20},{"id":"23","x":130,"y":21},{"id":"3","x":130,"y":22},{"id":"7","x":130,"y":23},{"id":"11","x":130,"y":24},{"id":"15","x":130,"y":25},{"id":"113","x":131,"y":19},{"id":"114","x":131,"y":20},{"id":"115","x":131,"y":21},{"id":"116","x":131,"y":22},{"id":"117","x":131,"y":23},{"id":"118","x":131,"y":24},{"id":"119","x":131,"y":25},{"id":"120","x":131,"y":16},{"id":"113","x":131,"y":17},{"id":"114","x":131,"y":18},{"id":"111","x":92,"y":35},{"id":"108","x":92,"y":33},{"id":"110","x":92,"y":34},{"id":"112","x":85,"y":38},{"id":"121","x":92,"y":37},{"id":"122","x":90,"y":38},{"id":"123","x":91,"y":38},{"id":"111","x":92,"y":38},{"id":"124","x":90,"y":39},{"id":"125","x":91,"y":39},{"id":"126","x":92,"y":39},{"id":"127","x":90,"y":40},{"id":"128","x":91,"y":40},{"id":"129","x":92,"y":40},{"id":"130","x":93,"y":39},{"id":"131","x":94,"y":39},{"id":"132","x":95,"y":39},{"id":"121","x":96,"y":39},{"id":"133","x":93,"y":40},{"id":"122","x":94,"y":40},{"id":"123","x":95,"y":40},{"id":"111","x":96,"y":40},{"id":"134","x":93,"y":41},{"id":"124","x":94,"y":41},{"id":"125","x":95,"y":41},{"id":"126","x":96,"y":41},{"id":"112","x":93,"y":42},{"id":"127","x":94,"y":42},{"id":"128","x":95,"y":42},{"id":"129","x":96,"y":42},{"id":"130","x":97,"y":41},{"id":"131","x":98,"y":41},{"id":"132","x":99,"y":41},{"id":"121","x":100,"y":41},{"id":"133","x":97,"y":42},{"id":"122","x":98,"y":42},{"id":"123","x":99,"y":42},{"id":"111","x":100,"y":42},{"id":"134","x":97,"y":43},{"id":"124","x":98,"y":43},{"id":"125","x":99,"y":43},{"id":"126","x":100,"y":43},{"id":"112","x":97,"y":44},{"id":"127","x":98,"y":44},{"id":"128","x":99,"y":44},{"id":"129","x":100,"y":44},{"id":"107","x":101,"y":43},{"id":"99","x":102,"y":43},{"id":"100","x":103,"y":43},{"id":"101","x":104,"y":43},{"id":"102","x":105,"y":43},{"id":"108","x":106,"y":43},{"id":"109","x":101,"y":44},{"id":"103","x":102,"y":44},{"id":"104","x":103,"y":44},{"id":"105","x":104,"y":44},{"id":"106","x":105,"y":44},{"id":"110","x":106,"y":44},{"id":"107","x":107,"y":43},{"id":"99","x":108,"y":43},{"id":"100","x":109,"y":43},{"id":"101","x":110,"y":43},{"id":"102","x":111,"y":43},{"id":"108","x":112,"y":43},{"id":"109","x":107,"y":44},{"id":"103","x":108,"y":44},{"id":"104","x":109,"y":44},{"id":"105","x":110,"y":44},{"id":"106","x":111,"y":44},{"id":"110","x":112,"y":44},{"id":"107","x":113,"y":43},{"id":"99","x":114,"y":43},{"id":"100","x":115,"y":43},{"id":"101","x":116,"y":43},{"id":"102","x":117,"y":43},{"id":"108","x":118,"y":43},{"id":"109","x":113,"y":44},{"id":"103","x":114,"y":44},{"id":"104","x":115,"y":44},{"id":"105","x":116,"y":44},{"id":"106","x":117,"y":44},{"id":"110","x":118,"y":44},{"id":"135","x":119,"y":39},{"id":"136","x":120,"y":39},{"id":"137","x":121,"y":39},{"id":"138","x":122,"y":39},{"id":"139","x":119,"y":40},{"id":"140","x":120,"y":40},{"id":"141","x":121,"y":40},{"id":"142","x":122,"y":40},{"id":"143","x":119,"y":41},{"id":"144","x":120,"y":41},{"id":"145","x":121,"y":41},{"id":"146","x":122,"y":41},{"id":"147","x":119,"y":42},{"id":"148","x":120,"y":42},{"id":"149","x":121,"y":42},{"id":"150","x":122,"y":42},{"id":"151","x":119,"y":43},{"id":"152","x":120,"y":43},{"id":"153","x":121,"y":43},{"id":"154","x":122,"y":43},{"id":"155","x":119,"y":44},{"id":"156","x":120,"y":44},{"id":"157","x":121,"y":44},{"id":"158","x":122,"y":44},{"id":"159","x":80,"y":39},{"id":"160","x":81,"y":39},{"id":"161","x":82,"y":39},{"id":"162","x":83,"y":39},{"id":"159","x":82,"y":42},{"id":"160","x":83,"y":42},{"id":"161","x":84,"y":42},{"id":"162","x":85,"y":42},{"id":"160","x":87,"y":42},{"id":"161","x":88,"y":42},{"id":"162","x":89,"y":42},{"id":"64","x":86,"y":40},{"id":"65","x":87,"y":40},{"id":"66","x":88,"y":40},{"id":"163","x":89,"y":40},{"id":"64","x":80,"y":22},{"id":"65","x":81,"y":22},{"id":"66","x":82,"y":22},{"id":"163","x":83,"y":22},{"id":"164","x":80,"y":34},{"id":"165","x":81,"y":34},{"id":"166","x":82,"y":34},{"id":"167","x":83,"y":34},{"id":"168","x":80,"y":35},{"id":"169","x":81,"y":35},{"id":"170","x":82,"y":35},{"id":"171","x":83,"y":35},{"id":"122","x":84,"y":35},{"id":"123","x":85,"y":35},{"id":"124","x":84,"y":36},{"id":"125","x":85,"y":36},{"id":"122","x":87,"y":37},{"id":"123","x":88,"y":37},{"id":"124","x":87,"y":38},{"id":"125","x":88,"y":38},{"id":"123","x":86,"y":36},{"id":"125","x":86,"y":37},{"id":"124","x":85,"y":37},{"id":"124","x":86,"y":38},{"id":"124","x":88,"y":39},{"id":"124","x":89,"y":39},{"id":"125","x":89,"y":38}],"collider":false},{"name":"New layer","tiles":[{"id":"172","x":81,"y":19},{"id":"173","x":82,"y":19},{"id":"174","x":83,"y":19},{"id":"175","x":84,"y":19},{"id":"176","x":81,"y":20},{"id":"177","x":82,"y":20},{"id":"178","x":83,"y":20},{"id":"179","x":84,"y":20},{"id":"180","x":81,"y":21},{"id":"181","x":82,"y":21},{"id":"182","x":83,"y":21},{"id":"183","x":84,"y":21},{"id":"184","x":81,"y":22},{"id":"185","x":82,"y":22},{"id":"186","x":83,"y":22},{"id":"187","x":84,"y":22},{"id":"188","x":81,"y":23},{"id":"189","x":82,"y":23},{"id":"190","x":83,"y":23},{"id":"191","x":84,"y":23},{"id":"192","x":83,"y":24},{"id":"193","x":84,"y":24},{"id":"194","x":85,"y":16},{"id":"195","x":86,"y":16},{"id":"196","x":85,"y":17},{"id":"197","x":86,"y":17},{"id":"198","x":85,"y":18},{"id":"199","x":86,"y":18},{"id":"200","x":85,"y":19},{"id":"201","x":86,"y":19},{"id":"202","x":85,"y":20},{"id":"203","x":86,"y":20},{"id":"204","x":85,"y":21},{"id":"205","x":86,"y":21},{"id":"206","x":85,"y":22},{"id":"207","x":86,"y":22},{"id":"208","x":85,"y":23},{"id":"209","x":86,"y":23},{"id":"210","x":85,"y":24},{"id":"211","x":86,"y":24},{"id":"195","x":80,"y":16},{"id":"197","x":80,"y":17},{"id":"198","x":79,"y":18},{"id":"199","x":80,"y":18},{"id":"200","x":79,"y":19},{"id":"201","x":80,"y":19},{"id":"202","x":79,"y":20},{"id":"203","x":80,"y":20},{"id":"204","x":79,"y":21},{"id":"205","x":80,"y":21},{"id":"206","x":79,"y":22},{"id":"207","x":80,"y":22},{"id":"208","x":79,"y":23},{"id":"209","x":80,"y":23},{"id":"101","x":88,"y":14},{"id":"102","x":89,"y":14},{"id":"108","x":90,"y":14},{"id":"106","x":81,"y":15},{"id":"110","x":82,"y":15},{"id":"109","x":85,"y":15},{"id":"103","x":86,"y":15},{"id":"104","x":87,"y":15},{"id":"105","x":88,"y":15},{"id":"106","x":89,"y":15},{"id":"110","x":90,"y":15},{"id":"212","x":91,"y":15},{"id":"105","x":83,"y":15},{"id":"105","x":84,"y":15},{"id":"213","x":87,"y":12},{"id":"214","x":87,"y":13},{"id":"102","x":87,"y":14},{"id":"215","x":81,"y":24},{"id":"216","x":82,"y":24},{"id":"210","x":79,"y":24},{"id":"211","x":80,"y":24},{"id":"196","x":79,"y":17},{"id":"194","x":79,"y":16},{"id":"83","x":79,"y":11},{"id":"84","x":80,"y":11},{"id":"85","x":81,"y":11},{"id":"86","x":82,"y":11},{"id":"130","x":83,"y":11},{"id":"131","x":84,"y":11},{"id":"132","x":85,"y":11},{"id":"121","x":86,"y":11},{"id":"87","x":79,"y":12},{"id":"88","x":80,"y":12},{"id":"89","x":81,"y":12},{"id":"90","x":82,"y":12},{"id":"133","x":83,"y":12},{"id":"122","x":84,"y":12},{"id":"123","x":85,"y":12},{"id":"111","x":86,"y":12},{"id":"91","x":79,"y":13},{"id":"92","x":80,"y":13},{"id":"93","x":81,"y":13},{"id":"94","x":82,"y":13},{"id":"134","x":83,"y":13},{"id":"124","x":84,"y":13},{"id":"125","x":85,"y":13},{"id":"126","x":86,"y":13},{"id":"95","x":79,"y":14},{"id":"96","x":80,"y":14},{"id":"97","x":81,"y":14},{"id":"98","x":82,"y":14},{"id":"112","x":83,"y":14},{"id":"127","x":84,"y":14},{"id":"128","x":85,"y":14},{"id":"129","x":86,"y":14},{"id":"103","x":75,"y":15},{"id":"104","x":76,"y":15},{"id":"105","x":77,"y":15},{"id":"106","x":78,"y":15},{"id":"110","x":79,"y":15},{"id":"212","x":80,"y":15},{"id":"217","x":74,"y":15},{"id":"99","x":75,"y":14},{"id":"100","x":76,"y":14},{"id":"101","x":77,"y":14},{"id":"102","x":78,"y":14},{"id":"218","x":74,"y":14},{"id":"219","x":76,"y":25},{"id":"220","x":77,"y":25},{"id":"221","x":78,"y":25},{"id":"222","x":79,"y":25},{"id":"223","x":80,"y":25},{"id":"224","x":81,"y":25},{"id":"219","x":82,"y":25},{"id":"220","x":83,"y":25},{"id":"221","x":84,"y":25},{"id":"222","x":85,"y":25},{"id":"223","x":86,"y":25},{"id":"224","x":87,"y":25},{"id":"219","x":88,"y":25},{"id":"220","x":89,"y":25},{"id":"221","x":90,"y":25},{"id":"221","x":75,"y":25},{"id":"225","x":74,"y":25},{"id":"226","x":74,"y":16},{"id":"227","x":75,"y":16},{"id":"228","x":76,"y":16},{"id":"229","x":77,"y":16},{"id":"230","x":78,"y":16},{"id":"0","x":74,"y":17},{"id":"1","x":75,"y":17},{"id":"2","x":76,"y":17},{"id":"3","x":77,"y":17},{"id":"24","x":78,"y":17},{"id":"4","x":74,"y":18},{"id":"5","x":75,"y":18},{"id":"6","x":76,"y":18},{"id":"7","x":77,"y":18},{"id":"25","x":78,"y":18},{"id":"8","x":74,"y":19},{"id":"9","x":75,"y":19},{"id":"10","x":76,"y":19},{"id":"11","x":77,"y":19},{"id":"26","x":78,"y":19},{"id":"12","x":74,"y":20},{"id":"13","x":75,"y":20},{"id":"14","x":76,"y":20},{"id":"15","x":77,"y":20},{"id":"27","x":78,"y":20},{"id":"16","x":74,"y":21},{"id":"17","x":75,"y":21},{"id":"18","x":76,"y":21},{"id":"19","x":77,"y":21},{"id":"28","x":78,"y":21},{"id":"20","x":74,"y":22},{"id":"21","x":75,"y":22},{"id":"22","x":76,"y":22},{"id":"23","x":77,"y":22},{"id":"29","x":78,"y":22},{"id":"231","x":74,"y":23},{"id":"232","x":75,"y":23},{"id":"233","x":76,"y":23},{"id":"234","x":77,"y":23},{"id":"235","x":78,"y":23},{"id":"236","x":87,"y":16},{"id":"226","x":88,"y":16},{"id":"227","x":89,"y":16},{"id":"228","x":90,"y":16},{"id":"229","x":91,"y":16},{"id":"237","x":87,"y":17},{"id":"0","x":88,"y":17},{"id":"1","x":89,"y":17},{"id":"2","x":90,"y":17},{"id":"3","x":91,"y":17},{"id":"238","x":87,"y":18},{"id":"4","x":88,"y":18},{"id":"5","x":89,"y":18},{"id":"6","x":90,"y":18},{"id":"7","x":91,"y":18},{"id":"239","x":87,"y":19},{"id":"8","x":88,"y":19},{"id":"9","x":89,"y":19},{"id":"10","x":90,"y":19},{"id":"11","x":91,"y":19},{"id":"240","x":87,"y":20},{"id":"12","x":88,"y":20},{"id":"13","x":89,"y":20},{"id":"14","x":90,"y":20},{"id":"15","x":91,"y":20},{"id":"241","x":87,"y":21},{"id":"16","x":88,"y":21},{"id":"17","x":89,"y":21},{"id":"18","x":90,"y":21},{"id":"19","x":91,"y":21},{"id":"242","x":87,"y":22},{"id":"20","x":88,"y":22},{"id":"21","x":89,"y":22},{"id":"22","x":90,"y":22},{"id":"23","x":91,"y":22},{"id":"243","x":87,"y":23},{"id":"231","x":88,"y":23},{"id":"232","x":89,"y":23},{"id":"233","x":90,"y":23},{"id":"234","x":91,"y":23},{"id":"10","x":81,"y":16},{"id":"11","x":82,"y":16},{"id":"10","x":83,"y":16},{"id":"11","x":84,"y":16},{"id":"14","x":81,"y":17},{"id":"15","x":82,"y":17},{"id":"14","x":83,"y":17},{"id":"15","x":84,"y":17},{"id":"14","x":81,"y":18},{"id":"15","x":82,"y":18},{"id":"14","x":83,"y":18},{"id":"15","x":84,"y":18},{"id":"14","x":77,"y":24},{"id":"15","x":78,"y":24},{"id":"14","x":75,"y":24},{"id":"15","x":76,"y":24},{"id":"15","x":74,"y":24},{"id":"14","x":87,"y":24},{"id":"15","x":88,"y":24},{"id":"14","x":89,"y":24},{"id":"15","x":90,"y":24},{"id":"14","x":91,"y":24},{"id":"244","x":91,"y":14},{"id":"245","x":92,"y":25},{"id":"246","x":93,"y":25},{"id":"247","x":94,"y":25},{"id":"248","x":95,"y":25},{"id":"249","x":92,"y":26},{"id":"250","x":93,"y":26},{"id":"251","x":94,"y":26},{"id":"252","x":95,"y":26},{"id":"253","x":91,"y":25},{"id":"245","x":97,"y":25},{"id":"246","x":98,"y":25},{"id":"247","x":99,"y":25},{"id":"248","x":100,"y":25},{"id":"249","x":97,"y":26},{"id":"250","x":98,"y":26},{"id":"251","x":99,"y":26},{"id":"252","x":100,"y":26},{"id":"245","x":96,"y":25},{"id":"249","x":96,"y":26},{"id":"245","x":101,"y":25},{"id":"246","x":102,"y":25},{"id":"247","x":103,"y":25},{"id":"248","x":104,"y":25},{"id":"246","x":105,"y":25},{"id":"247","x":106,"y":25},{"id":"248","x":107,"y":25},{"id":"246","x":108,"y":25},{"id":"247","x":109,"y":25},{"id":"248","x":110,"y":25},{"id":"250","x":102,"y":26},{"id":"251","x":103,"y":26},{"id":"252","x":104,"y":26},{"id":"252","x":101,"y":26},{"id":"252","x":105,"y":26},{"id":"252","x":106,"y":26},{"id":"252","x":107,"y":26},{"id":"252","x":108,"y":26},{"id":"252","x":109,"y":26},{"id":"252","x":110,"y":26},{"id":"245","x":115,"y":26},{"id":"246","x":116,"y":26},{"id":"247","x":117,"y":26},{"id":"248","x":118,"y":26},{"id":"245","x":119,"y":26},{"id":"246","x":120,"y":26},{"id":"247","x":121,"y":26},{"id":"248","x":122,"y":26},{"id":"245","x":123,"y":26},{"id":"246","x":124,"y":26},{"id":"247","x":125,"y":26},{"id":"248","x":126,"y":26},{"id":"245","x":127,"y":26},{"id":"246","x":128,"y":26},{"id":"247","x":129,"y":26},{"id":"248","x":130,"y":26},{"id":"249","x":111,"y":27},{"id":"250","x":112,"y":27},{"id":"251","x":113,"y":27},{"id":"252","x":114,"y":27},{"id":"249","x":115,"y":27},{"id":"250","x":116,"y":27},{"id":"251","x":117,"y":27},{"id":"252","x":118,"y":27},{"id":"249","x":119,"y":27},{"id":"250","x":120,"y":27},{"id":"251","x":121,"y":27},{"id":"252","x":122,"y":27},{"id":"249","x":123,"y":27},{"id":"250","x":124,"y":27},{"id":"251","x":125,"y":27},{"id":"252","x":126,"y":27},{"id":"245","x":111,"y":26},{"id":"246","x":112,"y":26},{"id":"247","x":113,"y":26},{"id":"248","x":114,"y":26},{"id":"254","x":112,"y":23},{"id":"255","x":113,"y":23},{"id":"256","x":114,"y":23},{"id":"257","x":115,"y":23},{"id":"258","x":112,"y":24},{"id":"259","x":113,"y":24},{"id":"260","x":114,"y":24},{"id":"261","x":115,"y":24},{"id":"262","x":112,"y":25},{"id":"263","x":113,"y":25},{"id":"264","x":114,"y":25},{"id":"265","x":115,"y":25},{"id":"266","x":116,"y":24},{"id":"267","x":117,"y":24},{"id":"268","x":116,"y":25},{"id":"269","x":117,"y":25},{"id":"236","x":92,"y":16},{"id":"226","x":93,"y":16},{"id":"227","x":94,"y":16},{"id":"228","x":95,"y":16},{"id":"229","x":96,"y":16},{"id":"230","x":97,"y":16},{"id":"237","x":92,"y":17},{"id":"0","x":93,"y":17},{"id":"1","x":94,"y":17},{"id":"2","x":95,"y":17},{"id":"3","x":96,"y":17},{"id":"24","x":97,"y":17},{"id":"238","x":92,"y":18},{"id":"4","x":93,"y":18},{"id":"5","x":94,"y":18},{"id":"6","x":95,"y":18},{"id":"7","x":96,"y":18},{"id":"25","x":97,"y":18},{"id":"239","x":92,"y":19},{"id":"8","x":93,"y":19},{"id":"9","x":94,"y":19},{"id":"10","x":95,"y":19},{"id":"240","x":92,"y":20},{"id":"12","x":93,"y":20},{"id":"13","x":94,"y":20},{"id":"14","x":95,"y":20},{"id":"241","x":92,"y":21},{"id":"16","x":93,"y":21},{"id":"17","x":94,"y":21},{"id":"18","x":95,"y":21},{"id":"242","x":92,"y":22},{"id":"20","x":93,"y":22},{"id":"21","x":94,"y":22},{"id":"22","x":95,"y":22},{"id":"4","x":92,"y":23},{"id":"5","x":93,"y":23},{"id":"6","x":94,"y":23},{"id":"7","x":95,"y":23},{"id":"8","x":92,"y":24},{"id":"9","x":93,"y":24},{"id":"10","x":94,"y":24},{"id":"11","x":95,"y":24},{"id":"4","x":96,"y":23},{"id":"5","x":97,"y":23},{"id":"6","x":98,"y":23},{"id":"7","x":99,"y":23},{"id":"8","x":96,"y":24},{"id":"9","x":97,"y":24},{"id":"10","x":98,"y":24},{"id":"11","x":99,"y":24},{"id":"4","x":98,"y":16},{"id":"5","x":99,"y":16},{"id":"6","x":100,"y":16},{"id":"7","x":101,"y":16},{"id":"8","x":98,"y":17},{"id":"9","x":99,"y":17},{"id":"10","x":100,"y":17},{"id":"11","x":101,"y":17},{"id":"4","x":98,"y":18},{"id":"5","x":99,"y":18},{"id":"6","x":100,"y":18},{"id":"7","x":101,"y":18},{"id":"9","x":99,"y":19},{"id":"10","x":100,"y":19},{"id":"11","x":101,"y":19},{"id":"5","x":99,"y":20},{"id":"6","x":100,"y":20},{"id":"7","x":101,"y":20},{"id":"9","x":99,"y":21},{"id":"10","x":100,"y":21},{"id":"11","x":101,"y":21},{"id":"8","x":98,"y":22},{"id":"9","x":99,"y":22},{"id":"10","x":100,"y":22},{"id":"11","x":101,"y":22},{"id":"8","x":100,"y":23},{"id":"9","x":101,"y":23},{"id":"10","x":102,"y":23},{"id":"11","x":103,"y":23},{"id":"8","x":100,"y":24},{"id":"9","x":101,"y":24},{"id":"10","x":102,"y":24},{"id":"11","x":103,"y":24},{"id":"8","x":102,"y":16},{"id":"9","x":103,"y":16},{"id":"10","x":104,"y":16},{"id":"11","x":105,"y":16},{"id":"8","x":102,"y":17},{"id":"9","x":103,"y":17},{"id":"10","x":104,"y":17},{"id":"11","x":105,"y":17},{"id":"8","x":102,"y":18},{"id":"9","x":103,"y":18},{"id":"10","x":104,"y":18},{"id":"11","x":105,"y":18},{"id":"8","x":102,"y":19},{"id":"9","x":103,"y":19},{"id":"10","x":104,"y":19},{"id":"11","x":105,"y":19},{"id":"8","x":102,"y":20},{"id":"9","x":103,"y":20},{"id":"10","x":104,"y":20},{"id":"11","x":105,"y":20},{"id":"8","x":102,"y":21},{"id":"9","x":103,"y":21},{"id":"10","x":104,"y":21},{"id":"11","x":105,"y":21},{"id":"8","x":102,"y":22},{"id":"9","x":103,"y":22},{"id":"10","x":104,"y":22},{"id":"11","x":105,"y":22},{"id":"8","x":104,"y":23},{"id":"9","x":105,"y":23},{"id":"10","x":106,"y":23},{"id":"11","x":107,"y":23},{"id":"8","x":104,"y":24},{"id":"9","x":105,"y":24},{"id":"10","x":106,"y":24},{"id":"11","x":107,"y":24},{"id":"8","x":108,"y":23},{"id":"9","x":109,"y":23},{"id":"10","x":110,"y":23},{"id":"11","x":111,"y":23},{"id":"8","x":108,"y":24},{"id":"9","x":109,"y":24},{"id":"10","x":110,"y":24},{"id":"11","x":111,"y":24},{"id":"8","x":106,"y":16},{"id":"9","x":107,"y":16},{"id":"10","x":108,"y":16},{"id":"11","x":109,"y":16},{"id":"8","x":106,"y":17},{"id":"9","x":107,"y":17},{"id":"10","x":108,"y":17},{"id":"11","x":109,"y":17},{"id":"8","x":106,"y":18},{"id":"9","x":107,"y":18},{"id":"10","x":108,"y":18},{"id":"11","x":109,"y":18},{"id":"8","x":106,"y":19},{"id":"9","x":107,"y":19},{"id":"10","x":108,"y":19},{"id":"11","x":109,"y":19},{"id":"8","x":106,"y":20},{"id":"9","x":107,"y":20},{"id":"10","x":108,"y":20},{"id":"11","x":109,"y":20},{"id":"8","x":106,"y":21},{"id":"9","x":107,"y":21},{"id":"10","x":108,"y":21},{"id":"11","x":109,"y":21},{"id":"8","x":106,"y":22},{"id":"9","x":107,"y":22},{"id":"10","x":108,"y":22},{"id":"11","x":109,"y":22},{"id":"8","x":110,"y":16},{"id":"9","x":111,"y":16},{"id":"10","x":112,"y":16},{"id":"11","x":113,"y":16},{"id":"8","x":110,"y":17},{"id":"9","x":111,"y":17},{"id":"10","x":112,"y":17},{"id":"11","x":113,"y":17},{"id":"8","x":110,"y":18},{"id":"9","x":111,"y":18},{"id":"10","x":112,"y":18},{"id":"11","x":113,"y":18},{"id":"8","x":110,"y":19},{"id":"9","x":111,"y":19},{"id":"10","x":112,"y":19},{"id":"11","x":113,"y":19},{"id":"8","x":110,"y":20},{"id":"9","x":111,"y":20},{"id":"10","x":112,"y":20},{"id":"11","x":113,"y":20},{"id":"8","x":110,"y":21},{"id":"9","x":111,"y":21},{"id":"10","x":112,"y":21},{"id":"11","x":113,"y":21},{"id":"8","x":110,"y":22},{"id":"9","x":111,"y":22},{"id":"10","x":112,"y":22},{"id":"11","x":113,"y":22},{"id":"4","x":96,"y":19},{"id":"5","x":97,"y":19},{"id":"6","x":98,"y":19},{"id":"8","x":96,"y":20},{"id":"9","x":97,"y":20},{"id":"10","x":98,"y":20},{"id":"12","x":96,"y":21},{"id":"13","x":97,"y":21},{"id":"14","x":98,"y":21},{"id":"16","x":96,"y":22},{"id":"17","x":97,"y":22},{"id":"12","x":111,"y":25},{"id":"12","x":118,"y":25},{"id":"12","x":118,"y":24},{"id":"12","x":118,"y":23},{"id":"12","x":117,"y":23},{"id":"12","x":116,"y":23},{"id":"12","x":114,"y":22},{"id":"12","x":115,"y":22},{"id":"51","x":91,"y":27},{"id":"270","x":92,"y":27},{"id":"52","x":87,"y":28},{"id":"53","x":88,"y":28},{"id":"54","x":89,"y":28},{"id":"55","x":90,"y":28},{"id":"56","x":91,"y":28},{"id":"271","x":92,"y":28},{"id":"61","x":91,"y":29},{"id":"272","x":92,"y":29},{"id":"163","x":92,"y":30},{"id":"273","x":92,"y":31},{"id":"274","x":92,"y":32},{"id":"275","x":92,"y":33},{"id":"47","x":93,"y":27},{"id":"48","x":94,"y":27},{"id":"49","x":95,"y":27},{"id":"50","x":96,"y":27},{"id":"51","x":97,"y":27},{"id":"270","x":98,"y":27},{"id":"52","x":93,"y":28},{"id":"53","x":94,"y":28},{"id":"54","x":95,"y":28},{"id":"55","x":96,"y":28},{"id":"56","x":97,"y":28},{"id":"271","x":98,"y":28},{"id":"57","x":93,"y":29},{"id":"58","x":94,"y":29},{"id":"59","x":95,"y":29},{"id":"60","x":96,"y":29},{"id":"61","x":97,"y":29},{"id":"272","x":98,"y":29},{"id":"62","x":93,"y":30},{"id":"63","x":94,"y":30},{"id":"64","x":95,"y":30},{"id":"65","x":96,"y":30},{"id":"66","x":97,"y":30},{"id":"163","x":98,"y":30},{"id":"67","x":93,"y":31},{"id":"68","x":94,"y":31},{"id":"69","x":95,"y":31},{"id":"70","x":96,"y":31},{"id":"71","x":97,"y":31},{"id":"273","x":98,"y":31},{"id":"72","x":93,"y":32},{"id":"73","x":94,"y":32},{"id":"74","x":95,"y":32},{"id":"75","x":96,"y":32},{"id":"76","x":97,"y":32},{"id":"274","x":98,"y":32},{"id":"77","x":93,"y":33},{"id":"78","x":94,"y":33},{"id":"79","x":95,"y":33},{"id":"276","x":96,"y":33},{"id":"80","x":97,"y":33},{"id":"275","x":98,"y":33},{"id":"47","x":99,"y":27},{"id":"48","x":100,"y":27},{"id":"49","x":101,"y":27},{"id":"50","x":102,"y":27},{"id":"51","x":103,"y":27},{"id":"270","x":104,"y":27},{"id":"52","x":99,"y":28},{"id":"53","x":100,"y":28},{"id":"54","x":101,"y":28},{"id":"55","x":102,"y":28},{"id":"56","x":103,"y":28},{"id":"271","x":104,"y":28},{"id":"57","x":99,"y":29},{"id":"58","x":100,"y":29},{"id":"59","x":101,"y":29},{"id":"60","x":102,"y":29},{"id":"61","x":103,"y":29},{"id":"272","x":104,"y":29},{"id":"62","x":99,"y":30},{"id":"63","x":100,"y":30},{"id":"64","x":101,"y":30},{"id":"65","x":102,"y":30},{"id":"66","x":103,"y":30},{"id":"163","x":104,"y":30},{"id":"67","x":99,"y":31},{"id":"68","x":100,"y":31},{"id":"69","x":101,"y":31},{"id":"70","x":102,"y":31},{"id":"71","x":103,"y":31},{"id":"273","x":104,"y":31},{"id":"72","x":99,"y":32},{"id":"73","x":100,"y":32},{"id":"74","x":101,"y":32},{"id":"75","x":102,"y":32},{"id":"76","x":103,"y":32},{"id":"274","x":104,"y":32},{"id":"77","x":99,"y":33},{"id":"78","x":100,"y":33},{"id":"79","x":101,"y":33},{"id":"276","x":102,"y":33},{"id":"80","x":103,"y":33},{"id":"275","x":104,"y":33},{"id":"47","x":105,"y":27},{"id":"48","x":106,"y":27},{"id":"49","x":107,"y":27},{"id":"50","x":108,"y":27},{"id":"51","x":109,"y":27},{"id":"270","x":110,"y":27},{"id":"52","x":105,"y":28},{"id":"53","x":106,"y":28},{"id":"54","x":107,"y":28},{"id":"55","x":108,"y":28},{"id":"56","x":109,"y":28},{"id":"271","x":110,"y":28},{"id":"57","x":105,"y":29},{"id":"58","x":106,"y":29},{"id":"59","x":107,"y":29},{"id":"60","x":108,"y":29},{"id":"61","x":109,"y":29},{"id":"272","x":110,"y":29},{"id":"62","x":105,"y":30},{"id":"63","x":106,"y":30},{"id":"64","x":107,"y":30},{"id":"65","x":108,"y":30},{"id":"66","x":109,"y":30},{"id":"163","x":110,"y":30},{"id":"67","x":105,"y":31},{"id":"68","x":106,"y":31},{"id":"69","x":107,"y":31},{"id":"70","x":108,"y":31},{"id":"71","x":109,"y":31},{"id":"273","x":110,"y":31},{"id":"72","x":105,"y":32},{"id":"73","x":106,"y":32},{"id":"74","x":107,"y":32},{"id":"75","x":108,"y":32},{"id":"76","x":109,"y":32},{"id":"274","x":110,"y":32},{"id":"77","x":105,"y":33},{"id":"78","x":106,"y":33},{"id":"79","x":107,"y":33},{"id":"276","x":108,"y":33},{"id":"80","x":109,"y":33},{"id":"275","x":110,"y":33},{"id":"277","x":107,"y":34},{"id":"278","x":108,"y":34},{"id":"81","x":109,"y":34},{"id":"279","x":110,"y":34},{"id":"53","x":87,"y":26},{"id":"54","x":88,"y":26},{"id":"55","x":89,"y":26},{"id":"56","x":90,"y":26},{"id":"58","x":87,"y":27},{"id":"59","x":88,"y":27},{"id":"60","x":89,"y":27},{"id":"61","x":90,"y":27},{"id":"52","x":111,"y":28},{"id":"53","x":112,"y":28},{"id":"54","x":113,"y":28},{"id":"55","x":114,"y":28},{"id":"56","x":115,"y":28},{"id":"271","x":116,"y":28},{"id":"57","x":111,"y":29},{"id":"58","x":112,"y":29},{"id":"59","x":113,"y":29},{"id":"60","x":114,"y":29},{"id":"61","x":115,"y":29},{"id":"272","x":116,"y":29},{"id":"62","x":111,"y":30},{"id":"63","x":112,"y":30},{"id":"64","x":113,"y":30},{"id":"65","x":114,"y":30},{"id":"66","x":115,"y":30},{"id":"163","x":116,"y":30},{"id":"67","x":111,"y":31},{"id":"68","x":112,"y":31},{"id":"69","x":113,"y":31},{"id":"70","x":114,"y":31},{"id":"71","x":115,"y":31},{"id":"273","x":116,"y":31},{"id":"72","x":111,"y":32},{"id":"73","x":112,"y":32},{"id":"74","x":113,"y":32},{"id":"75","x":114,"y":32},{"id":"76","x":115,"y":32},{"id":"274","x":116,"y":32},{"id":"77","x":111,"y":33},{"id":"78","x":112,"y":33},{"id":"79","x":113,"y":33},{"id":"276","x":114,"y":33},{"id":"80","x":115,"y":33},{"id":"275","x":116,"y":33},{"id":"52","x":117,"y":28},{"id":"53","x":118,"y":28},{"id":"54","x":119,"y":28},{"id":"55","x":120,"y":28},{"id":"56","x":121,"y":28},{"id":"271","x":122,"y":28},{"id":"57","x":117,"y":29},{"id":"58","x":118,"y":29},{"id":"59","x":119,"y":29},{"id":"60","x":120,"y":29},{"id":"61","x":121,"y":29},{"id":"272","x":122,"y":29},{"id":"62","x":117,"y":30},{"id":"63","x":118,"y":30},{"id":"64","x":119,"y":30},{"id":"65","x":120,"y":30},{"id":"66","x":121,"y":30},{"id":"163","x":122,"y":30},{"id":"67","x":117,"y":31},{"id":"68","x":118,"y":31},{"id":"69","x":119,"y":31},{"id":"70","x":120,"y":31},{"id":"71","x":121,"y":31},{"id":"273","x":122,"y":31},{"id":"72","x":117,"y":32},{"id":"73","x":118,"y":32},{"id":"74","x":119,"y":32},{"id":"75","x":120,"y":32},{"id":"76","x":121,"y":32},{"id":"274","x":122,"y":32},{"id":"77","x":117,"y":33},{"id":"78","x":118,"y":33},{"id":"79","x":119,"y":33},{"id":"276","x":120,"y":33},{"id":"80","x":121,"y":33},{"id":"275","x":122,"y":33},{"id":"52","x":123,"y":28},{"id":"53","x":124,"y":28},{"id":"54","x":125,"y":28},{"id":"55","x":126,"y":28},{"id":"57","x":123,"y":29},{"id":"58","x":124,"y":29},{"id":"59","x":125,"y":29},{"id":"60","x":126,"y":29},{"id":"62","x":123,"y":30},{"id":"63","x":124,"y":30},{"id":"64","x":125,"y":30},{"id":"65","x":126,"y":30},{"id":"67","x":123,"y":31},{"id":"68","x":124,"y":31},{"id":"69","x":125,"y":31},{"id":"70","x":126,"y":31},{"id":"72","x":123,"y":32},{"id":"73","x":124,"y":32},{"id":"74","x":125,"y":32},{"id":"75","x":126,"y":32},{"id":"76","x":127,"y":32},{"id":"274","x":128,"y":32},{"id":"77","x":123,"y":33},{"id":"78","x":124,"y":33},{"id":"79","x":125,"y":33},{"id":"276","x":126,"y":33},{"id":"80","x":127,"y":33},{"id":"275","x":128,"y":33},{"id":"274","x":129,"y":32},{"id":"79","x":123,"y":34},{"id":"276","x":124,"y":34},{"id":"80","x":125,"y":34},{"id":"276","x":126,"y":34},{"id":"80","x":127,"y":34},{"id":"275","x":128,"y":34},{"id":"249","x":127,"y":27},{"id":"250","x":128,"y":27},{"id":"251","x":129,"y":27},{"id":"252","x":130,"y":27},{"id":"59","x":127,"y":28},{"id":"60","x":128,"y":28},{"id":"61","x":129,"y":28},{"id":"64","x":127,"y":29},{"id":"65","x":128,"y":29},{"id":"66","x":129,"y":29},{"id":"69","x":127,"y":30},{"id":"70","x":128,"y":30},{"id":"71","x":129,"y":30},{"id":"74","x":127,"y":31},{"id":"75","x":128,"y":31},{"id":"76","x":129,"y":31},{"id":"272","x":130,"y":28},{"id":"163","x":130,"y":29},{"id":"273","x":130,"y":30},{"id":"274","x":130,"y":31},{"id":"70","x":130,"y":32},{"id":"70","x":130,"y":33},{"id":"70","x":129,"y":33},{"id":"70","x":129,"y":34},{"id":"70","x":130,"y":34},{"id":"48","x":75,"y":32},{"id":"49","x":76,"y":32},{"id":"50","x":77,"y":32},{"id":"51","x":78,"y":32},{"id":"53","x":75,"y":33},{"id":"54","x":76,"y":33},{"id":"55","x":77,"y":33},{"id":"56","x":78,"y":33},{"id":"58","x":75,"y":34},{"id":"59","x":76,"y":34},{"id":"60","x":77,"y":34},{"id":"61","x":78,"y":34},{"id":"63","x":75,"y":35},{"id":"64","x":76,"y":35},{"id":"65","x":77,"y":35},{"id":"66","x":78,"y":35},{"id":"68","x":75,"y":36},{"id":"69","x":76,"y":36},{"id":"70","x":77,"y":36},{"id":"71","x":78,"y":36},{"id":"73","x":75,"y":37},{"id":"74","x":76,"y":37},{"id":"75","x":77,"y":37},{"id":"76","x":78,"y":37},{"id":"53","x":75,"y":39},{"id":"54","x":76,"y":39},{"id":"55","x":77,"y":39},{"id":"56","x":78,"y":39},{"id":"78","x":75,"y":38},{"id":"79","x":76,"y":38},{"id":"276","x":77,"y":38},{"id":"80","x":78,"y":38},{"id":"59","x":79,"y":35},{"id":"60","x":80,"y":35},{"id":"61","x":81,"y":35},{"id":"272","x":82,"y":35},{"id":"64","x":79,"y":36},{"id":"65","x":80,"y":36},{"id":"66","x":81,"y":36},{"id":"163","x":82,"y":36},{"id":"69","x":79,"y":37},{"id":"70","x":80,"y":37},{"id":"71","x":81,"y":37},{"id":"273","x":82,"y":37},{"id":"74","x":79,"y":38},{"id":"75","x":80,"y":38},{"id":"76","x":81,"y":38},{"id":"274","x":82,"y":38},{"id":"64","x":79,"y":34},{"id":"65","x":80,"y":34},{"id":"66","x":81,"y":34},{"id":"64","x":82,"y":34},{"id":"65","x":83,"y":34},{"id":"64","x":79,"y":33},{"id":"65","x":80,"y":33},{"id":"66","x":81,"y":33},{"id":"64","x":82,"y":33},{"id":"65","x":83,"y":33},{"id":"53","x":79,"y":39},{"id":"54","x":80,"y":39},{"id":"55","x":81,"y":39},{"id":"56","x":82,"y":39},{"id":"53","x":83,"y":35},{"id":"54","x":84,"y":35},{"id":"58","x":83,"y":36},{"id":"59","x":84,"y":36},{"id":"63","x":83,"y":37},{"id":"64","x":84,"y":37},{"id":"68","x":83,"y":38},{"id":"69","x":84,"y":38},{"id":"73","x":83,"y":39},{"id":"74","x":84,"y":39},{"id":"53","x":87,"y":29},{"id":"54","x":88,"y":29},{"id":"55","x":89,"y":29},{"id":"56","x":90,"y":29},{"id":"58","x":87,"y":30},{"id":"59","x":88,"y":30},{"id":"63","x":87,"y":31},{"id":"64","x":88,"y":31},{"id":"68","x":87,"y":32},{"id":"69","x":88,"y":32},{"id":"54","x":92,"y":34},{"id":"55","x":93,"y":34},{"id":"56","x":94,"y":34},{"id":"61","x":94,"y":35},{"id":"66","x":94,"y":36},{"id":"71","x":94,"y":37},{"id":"76","x":94,"y":38},{"id":"80","x":94,"y":39},{"id":"56","x":94,"y":40},{"id":"58","x":91,"y":41},{"id":"59","x":92,"y":41},{"id":"60","x":93,"y":41},{"id":"61","x":94,"y":41},{"id":"63","x":91,"y":42},{"id":"64","x":92,"y":42},{"id":"65","x":93,"y":42},{"id":"66","x":94,"y":42},{"id":"68","x":91,"y":43},{"id":"69","x":92,"y":43},{"id":"70","x":93,"y":43},{"id":"71","x":94,"y":43},{"id":"73","x":91,"y":44},{"id":"74","x":92,"y":44},{"id":"75","x":93,"y":44},{"id":"76","x":94,"y":44},{"id":"78","x":91,"y":45},{"id":"79","x":92,"y":45},{"id":"276","x":93,"y":45},{"id":"80","x":94,"y":45},{"id":"53","x":83,"y":40},{"id":"54","x":84,"y":40},{"id":"58","x":83,"y":41},{"id":"59","x":84,"y":41},{"id":"60","x":85,"y":41},{"id":"61","x":86,"y":41},{"id":"63","x":83,"y":42},{"id":"64","x":84,"y":42},{"id":"65","x":85,"y":42},{"id":"66","x":86,"y":42},{"id":"68","x":83,"y":43},{"id":"69","x":84,"y":43},{"id":"70","x":85,"y":43},{"id":"71","x":86,"y":43},{"id":"73","x":83,"y":44},{"id":"74","x":84,"y":44},{"id":"75","x":85,"y":44},{"id":"76","x":86,"y":44},{"id":"78","x":83,"y":45},{"id":"79","x":84,"y":45},{"id":"276","x":85,"y":45},{"id":"80","x":86,"y":45},{"id":"58","x":87,"y":41},{"id":"59","x":88,"y":41},{"id":"60","x":89,"y":41},{"id":"61","x":90,"y":41},{"id":"63","x":87,"y":42},{"id":"64","x":88,"y":42},{"id":"65","x":89,"y":42},{"id":"66","x":90,"y":42},{"id":"68","x":87,"y":43},{"id":"69","x":88,"y":43},{"id":"70","x":89,"y":43},{"id":"71","x":90,"y":43},{"id":"73","x":87,"y":44},{"id":"74","x":88,"y":44},{"id":"75","x":89,"y":44},{"id":"76","x":90,"y":44},{"id":"78","x":87,"y":45},{"id":"79","x":88,"y":45},{"id":"276","x":89,"y":45},{"id":"80","x":90,"y":45},{"id":"53","x":79,"y":40},{"id":"54","x":80,"y":40},{"id":"55","x":81,"y":40},{"id":"56","x":82,"y":40},{"id":"58","x":79,"y":41},{"id":"59","x":80,"y":41},{"id":"60","x":81,"y":41},{"id":"61","x":82,"y":41},{"id":"63","x":79,"y":42},{"id":"64","x":80,"y":42},{"id":"65","x":81,"y":42},{"id":"66","x":82,"y":42},{"id":"68","x":79,"y":43},{"id":"69","x":80,"y":43},{"id":"70","x":81,"y":43},{"id":"71","x":82,"y":43},{"id":"73","x":79,"y":44},{"id":"74","x":80,"y":44},{"id":"75","x":81,"y":44},{"id":"76","x":82,"y":44},{"id":"78","x":79,"y":45},{"id":"79","x":80,"y":45},{"id":"276","x":81,"y":45},{"id":"80","x":82,"y":45},{"id":"53","x":75,"y":40},{"id":"54","x":76,"y":40},{"id":"55","x":77,"y":40},{"id":"56","x":78,"y":40},{"id":"58","x":75,"y":41},{"id":"59","x":76,"y":41},{"id":"60","x":77,"y":41},{"id":"61","x":78,"y":41},{"id":"63","x":75,"y":42},{"id":"64","x":76,"y":42},{"id":"65","x":77,"y":42},{"id":"66","x":78,"y":42},{"id":"68","x":75,"y":43},{"id":"69","x":76,"y":43},{"id":"70","x":77,"y":43},{"id":"71","x":78,"y":43},{"id":"73","x":75,"y":44},{"id":"74","x":76,"y":44},{"id":"75","x":77,"y":44},{"id":"76","x":78,"y":44},{"id":"78","x":75,"y":45},{"id":"79","x":76,"y":45},{"id":"276","x":77,"y":45},{"id":"80","x":78,"y":45},{"id":"53","x":95,"y":40},{"id":"54","x":96,"y":40},{"id":"55","x":97,"y":40},{"id":"56","x":98,"y":40},{"id":"58","x":95,"y":41},{"id":"59","x":96,"y":41},{"id":"60","x":97,"y":41},{"id":"61","x":98,"y":41},{"id":"63","x":95,"y":42},{"id":"64","x":96,"y":42},{"id":"65","x":97,"y":42},{"id":"66","x":98,"y":42},{"id":"68","x":95,"y":43},{"id":"69","x":96,"y":43},{"id":"70","x":97,"y":43},{"id":"71","x":98,"y":43},{"id":"73","x":95,"y":44},{"id":"74","x":96,"y":44},{"id":"75","x":97,"y":44},{"id":"76","x":98,"y":44},{"id":"78","x":95,"y":45},{"id":"79","x":96,"y":45},{"id":"276","x":97,"y":45},{"id":"80","x":98,"y":45},{"id":"53","x":95,"y":34},{"id":"54","x":96,"y":34},{"id":"55","x":97,"y":34},{"id":"56","x":98,"y":34},{"id":"58","x":95,"y":35},{"id":"59","x":96,"y":35},{"id":"60","x":97,"y":35},{"id":"61","x":98,"y":35},{"id":"63","x":95,"y":36},{"id":"64","x":96,"y":36},{"id":"65","x":97,"y":36},{"id":"66","x":98,"y":36},{"id":"68","x":95,"y":37},{"id":"69","x":96,"y":37},{"id":"70","x":97,"y":37},{"id":"71","x":98,"y":37},{"id":"73","x":95,"y":38},{"id":"74","x":96,"y":38},{"id":"75","x":97,"y":38},{"id":"76","x":98,"y":38},{"id":"78","x":95,"y":39},{"id":"79","x":96,"y":39},{"id":"276","x":97,"y":39},{"id":"80","x":98,"y":39},{"id":"53","x":99,"y":40},{"id":"54","x":100,"y":40},{"id":"55","x":101,"y":40},{"id":"56","x":102,"y":40},{"id":"58","x":99,"y":41},{"id":"59","x":100,"y":41},{"id":"60","x":101,"y":41},{"id":"61","x":102,"y":41},{"id":"63","x":99,"y":42},{"id":"64","x":100,"y":42},{"id":"65","x":101,"y":42},{"id":"66","x":102,"y":42},{"id":"68","x":99,"y":43},{"id":"69","x":100,"y":43},{"id":"70","x":101,"y":43},{"id":"71","x":102,"y":43},{"id":"73","x":99,"y":44},{"id":"74","x":100,"y":44},{"id":"75","x":101,"y":44},{"id":"76","x":102,"y":44},{"id":"78","x":99,"y":45},{"id":"79","x":100,"y":45},{"id":"276","x":101,"y":45},{"id":"80","x":102,"y":45},{"id":"53","x":99,"y":34},{"id":"54","x":100,"y":34},{"id":"55","x":101,"y":34},{"id":"56","x":102,"y":34},{"id":"58","x":99,"y":35},{"id":"59","x":100,"y":35},{"id":"60","x":101,"y":35},{"id":"61","x":102,"y":35},{"id":"63","x":99,"y":36},{"id":"64","x":100,"y":36},{"id":"65","x":101,"y":36},{"id":"66","x":102,"y":36},{"id":"68","x":99,"y":37},{"id":"69","x":100,"y":37},{"id":"70","x":101,"y":37},{"id":"71","x":102,"y":37},{"id":"73","x":99,"y":38},{"id":"74","x":100,"y":38},{"id":"75","x":101,"y":38},{"id":"76","x":102,"y":38},{"id":"78","x":99,"y":39},{"id":"79","x":100,"y":39},{"id":"276","x":101,"y":39},{"id":"80","x":102,"y":39},{"id":"53","x":103,"y":34},{"id":"54","x":104,"y":34},{"id":"55","x":105,"y":34},{"id":"56","x":106,"y":34},{"id":"58","x":103,"y":35},{"id":"59","x":104,"y":35},{"id":"60","x":105,"y":35},{"id":"61","x":106,"y":35},{"id":"63","x":103,"y":36},{"id":"64","x":104,"y":36},{"id":"65","x":105,"y":36},{"id":"66","x":106,"y":36},{"id":"68","x":103,"y":37},{"id":"69","x":104,"y":37},{"id":"70","x":105,"y":37},{"id":"71","x":106,"y":37},{"id":"73","x":103,"y":38},{"id":"74","x":104,"y":38},{"id":"75","x":105,"y":38},{"id":"76","x":106,"y":38},{"id":"78","x":103,"y":39},{"id":"79","x":104,"y":39},{"id":"276","x":105,"y":39},{"id":"80","x":106,"y":39},{"id":"53","x":103,"y":40},{"id":"54","x":104,"y":40},{"id":"55","x":105,"y":40},{"id":"56","x":106,"y":40},{"id":"58","x":103,"y":41},{"id":"59","x":104,"y":41},{"id":"60","x":105,"y":41},{"id":"61","x":106,"y":41},{"id":"63","x":103,"y":42},{"id":"64","x":104,"y":42},{"id":"65","x":105,"y":42},{"id":"66","x":106,"y":42},{"id":"68","x":103,"y":43},{"id":"69","x":104,"y":43},{"id":"70","x":105,"y":43},{"id":"71","x":106,"y":43},{"id":"73","x":103,"y":44},{"id":"74","x":104,"y":44},{"id":"75","x":105,"y":44},{"id":"76","x":106,"y":44},{"id":"78","x":103,"y":45},{"id":"79","x":104,"y":45},{"id":"276","x":105,"y":45},{"id":"80","x":106,"y":45},{"id":"53","x":107,"y":35},{"id":"54","x":108,"y":35},{"id":"55","x":109,"y":35},{"id":"56","x":110,"y":35},{"id":"58","x":107,"y":36},{"id":"59","x":108,"y":36},{"id":"60","x":109,"y":36},{"id":"61","x":110,"y":36},{"id":"63","x":107,"y":37},{"id":"64","x":108,"y":37},{"id":"65","x":109,"y":37},{"id":"66","x":110,"y":37},{"id":"68","x":107,"y":38},{"id":"69","x":108,"y":38},{"id":"70","x":109,"y":38},{"id":"71","x":110,"y":38},{"id":"73","x":107,"y":39},{"id":"74","x":108,"y":39},{"id":"75","x":109,"y":39},{"id":"76","x":110,"y":39},{"id":"53","x":107,"y":40},{"id":"54","x":108,"y":40},{"id":"55","x":109,"y":40},{"id":"56","x":110,"y":40},{"id":"58","x":107,"y":41},{"id":"59","x":108,"y":41},{"id":"60","x":109,"y":41},{"id":"61","x":110,"y":41},{"id":"63","x":107,"y":42},{"id":"64","x":108,"y":42},{"id":"65","x":109,"y":42},{"id":"66","x":110,"y":42},{"id":"68","x":107,"y":43},{"id":"69","x":108,"y":43},{"id":"70","x":109,"y":43},{"id":"71","x":110,"y":43},{"id":"73","x":107,"y":44},{"id":"74","x":108,"y":44},{"id":"75","x":109,"y":44},{"id":"76","x":110,"y":44},{"id":"78","x":107,"y":45},{"id":"79","x":108,"y":45},{"id":"276","x":109,"y":45},{"id":"80","x":110,"y":45},{"id":"53","x":111,"y":40},{"id":"54","x":112,"y":40},{"id":"55","x":113,"y":40},{"id":"56","x":114,"y":40},{"id":"58","x":111,"y":41},{"id":"59","x":112,"y":41},{"id":"60","x":113,"y":41},{"id":"61","x":114,"y":41},{"id":"63","x":111,"y":42},{"id":"64","x":112,"y":42},{"id":"65","x":113,"y":42},{"id":"66","x":114,"y":42},{"id":"68","x":111,"y":43},{"id":"69","x":112,"y":43},{"id":"70","x":113,"y":43},{"id":"71","x":114,"y":43},{"id":"73","x":111,"y":44},{"id":"74","x":112,"y":44},{"id":"75","x":113,"y":44},{"id":"76","x":114,"y":44},{"id":"78","x":111,"y":45},{"id":"79","x":112,"y":45},{"id":"276","x":113,"y":45},{"id":"80","x":114,"y":45},{"id":"53","x":111,"y":34},{"id":"54","x":112,"y":34},{"id":"55","x":113,"y":34},{"id":"56","x":114,"y":34},{"id":"58","x":111,"y":35},{"id":"59","x":112,"y":35},{"id":"60","x":113,"y":35},{"id":"61","x":114,"y":35},{"id":"63","x":111,"y":36},{"id":"64","x":112,"y":36},{"id":"65","x":113,"y":36},{"id":"66","x":114,"y":36},{"id":"68","x":111,"y":37},{"id":"69","x":112,"y":37},{"id":"70","x":113,"y":37},{"id":"71","x":114,"y":37},{"id":"73","x":111,"y":38},{"id":"74","x":112,"y":38},{"id":"75","x":113,"y":38},{"id":"76","x":114,"y":38},{"id":"78","x":111,"y":39},{"id":"79","x":112,"y":39},{"id":"276","x":113,"y":39},{"id":"80","x":114,"y":39},{"id":"53","x":115,"y":40},{"id":"54","x":116,"y":40},{"id":"55","x":117,"y":40},{"id":"56","x":118,"y":40},{"id":"58","x":115,"y":41},{"id":"59","x":116,"y":41},{"id":"60","x":117,"y":41},{"id":"61","x":118,"y":41},{"id":"63","x":115,"y":42},{"id":"64","x":116,"y":42},{"id":"65","x":117,"y":42},{"id":"66","x":118,"y":42},{"id":"68","x":115,"y":43},{"id":"69","x":116,"y":43},{"id":"70","x":117,"y":43},{"id":"71","x":118,"y":43},{"id":"73","x":115,"y":44},{"id":"74","x":116,"y":44},{"id":"75","x":117,"y":44},{"id":"76","x":118,"y":44},{"id":"78","x":115,"y":45},{"id":"79","x":116,"y":45},{"id":"276","x":117,"y":45},{"id":"80","x":118,"y":45},{"id":"53","x":119,"y":40},{"id":"54","x":120,"y":40},{"id":"55","x":121,"y":40},{"id":"56","x":122,"y":40},{"id":"58","x":119,"y":41},{"id":"59","x":120,"y":41},{"id":"60","x":121,"y":41},{"id":"61","x":122,"y":41},{"id":"63","x":119,"y":42},{"id":"64","x":120,"y":42},{"id":"65","x":121,"y":42},{"id":"66","x":122,"y":42},{"id":"68","x":119,"y":43},{"id":"69","x":120,"y":43},{"id":"70","x":121,"y":43},{"id":"71","x":122,"y":43},{"id":"73","x":119,"y":44},{"id":"74","x":120,"y":44},{"id":"75","x":121,"y":44},{"id":"76","x":122,"y":44},{"id":"78","x":119,"y":45},{"id":"79","x":120,"y":45},{"id":"276","x":121,"y":45},{"id":"80","x":122,"y":45},{"id":"58","x":123,"y":41},{"id":"59","x":124,"y":41},{"id":"60","x":125,"y":41},{"id":"61","x":126,"y":41},{"id":"63","x":123,"y":42},{"id":"64","x":124,"y":42},{"id":"65","x":125,"y":42},{"id":"66","x":126,"y":42},{"id":"68","x":123,"y":43},{"id":"69","x":124,"y":43},{"id":"70","x":125,"y":43},{"id":"71","x":126,"y":43},{"id":"73","x":123,"y":44},{"id":"74","x":124,"y":44},{"id":"75","x":125,"y":44},{"id":"76","x":126,"y":44},{"id":"78","x":123,"y":45},{"id":"79","x":124,"y":45},{"id":"276","x":125,"y":45},{"id":"80","x":126,"y":45},{"id":"53","x":115,"y":34},{"id":"54","x":116,"y":34},{"id":"55","x":117,"y":34},{"id":"56","x":118,"y":34},{"id":"58","x":115,"y":35},{"id":"59","x":116,"y":35},{"id":"60","x":117,"y":35},{"id":"61","x":118,"y":35},{"id":"63","x":115,"y":36},{"id":"64","x":116,"y":36},{"id":"65","x":117,"y":36},{"id":"66","x":118,"y":36},{"id":"68","x":115,"y":37},{"id":"69","x":116,"y":37},{"id":"70","x":117,"y":37},{"id":"71","x":118,"y":37},{"id":"73","x":115,"y":38},{"id":"74","x":116,"y":38},{"id":"75","x":117,"y":38},{"id":"76","x":118,"y":38},{"id":"78","x":115,"y":39},{"id":"79","x":116,"y":39},{"id":"276","x":117,"y":39},{"id":"80","x":118,"y":39},{"id":"53","x":119,"y":34},{"id":"54","x":120,"y":34},{"id":"55","x":121,"y":34},{"id":"56","x":122,"y":34},{"id":"58","x":119,"y":35},{"id":"59","x":120,"y":35},{"id":"60","x":121,"y":35},{"id":"61","x":122,"y":35},{"id":"63","x":119,"y":36},{"id":"64","x":120,"y":36},{"id":"65","x":121,"y":36},{"id":"66","x":122,"y":36},{"id":"68","x":119,"y":37},{"id":"69","x":120,"y":37},{"id":"70","x":121,"y":37},{"id":"71","x":122,"y":37},{"id":"73","x":119,"y":38},{"id":"74","x":120,"y":38},{"id":"75","x":121,"y":38},{"id":"76","x":122,"y":38},{"id":"78","x":119,"y":39},{"id":"79","x":120,"y":39},{"id":"276","x":121,"y":39},{"id":"80","x":122,"y":39},{"id":"53","x":123,"y":35},{"id":"54","x":124,"y":35},{"id":"55","x":125,"y":35},{"id":"56","x":126,"y":35},{"id":"58","x":123,"y":36},{"id":"59","x":124,"y":36},{"id":"60","x":125,"y":36},{"id":"61","x":126,"y":36},{"id":"63","x":123,"y":37},{"id":"64","x":124,"y":37},{"id":"65","x":125,"y":37},{"id":"66","x":126,"y":37},{"id":"68","x":123,"y":38},{"id":"69","x":124,"y":38},{"id":"70","x":125,"y":38},{"id":"71","x":126,"y":38},{"id":"73","x":123,"y":39},{"id":"74","x":124,"y":39},{"id":"75","x":125,"y":39},{"id":"76","x":126,"y":39},{"id":"78","x":123,"y":40},{"id":"79","x":124,"y":40},{"id":"276","x":125,"y":40},{"id":"80","x":126,"y":40},{"id":"53","x":127,"y":35},{"id":"54","x":128,"y":35},{"id":"55","x":129,"y":35},{"id":"56","x":130,"y":35},{"id":"58","x":127,"y":36},{"id":"59","x":128,"y":36},{"id":"60","x":129,"y":36},{"id":"61","x":130,"y":36},{"id":"63","x":127,"y":37},{"id":"64","x":128,"y":37},{"id":"65","x":129,"y":37},{"id":"66","x":130,"y":37},{"id":"68","x":127,"y":38},{"id":"69","x":128,"y":38},{"id":"70","x":129,"y":38},{"id":"71","x":130,"y":38},{"id":"73","x":127,"y":39},{"id":"74","x":128,"y":39},{"id":"75","x":129,"y":39},{"id":"76","x":130,"y":39},{"id":"78","x":127,"y":40},{"id":"79","x":128,"y":40},{"id":"276","x":129,"y":40},{"id":"80","x":130,"y":40},{"id":"53","x":127,"y":41},{"id":"54","x":128,"y":41},{"id":"55","x":129,"y":41},{"id":"56","x":130,"y":41},{"id":"58","x":127,"y":42},{"id":"59","x":128,"y":42},{"id":"60","x":129,"y":42},{"id":"61","x":130,"y":42},{"id":"63","x":127,"y":43},{"id":"64","x":128,"y":43},{"id":"65","x":129,"y":43},{"id":"66","x":130,"y":43},{"id":"68","x":127,"y":44},{"id":"69","x":128,"y":44},{"id":"70","x":129,"y":44},{"id":"71","x":130,"y":44},{"id":"63","x":128,"y":45},{"id":"64","x":129,"y":45},{"id":"65","x":130,"y":45},{"id":"75","x":127,"y":45},{"id":"280","x":84,"y":26},{"id":"281","x":85,"y":26},{"id":"282","x":84,"y":27},{"id":"283","x":85,"y":27},{"id":"284","x":84,"y":28},{"id":"285","x":85,"y":28},{"id":"286","x":84,"y":29},{"id":"287","x":85,"y":29},{"id":"59","x":85,"y":35},{"id":"61","x":87,"y":35},{"id":"64","x":85,"y":36},{"id":"65","x":86,"y":36},{"id":"66","x":87,"y":36},{"id":"69","x":85,"y":37},{"id":"70","x":86,"y":37},{"id":"71","x":87,"y":37},{"id":"74","x":85,"y":38},{"id":"75","x":86,"y":38},{"id":"76","x":87,"y":38},{"id":"79","x":85,"y":39},{"id":"276","x":86,"y":39},{"id":"80","x":87,"y":39},{"id":"277","x":85,"y":40},{"id":"278","x":86,"y":40},{"id":"81","x":87,"y":40},{"id":"59","x":88,"y":35},{"id":"60","x":89,"y":35},{"id":"61","x":90,"y":35},{"id":"64","x":88,"y":36},{"id":"65","x":89,"y":36},{"id":"66","x":90,"y":36},{"id":"69","x":88,"y":37},{"id":"70","x":89,"y":37},{"id":"71","x":90,"y":37},{"id":"74","x":88,"y":38},{"id":"75","x":89,"y":38},{"id":"76","x":90,"y":38},{"id":"79","x":88,"y":39},{"id":"276","x":89,"y":39},{"id":"80","x":90,"y":39},{"id":"277","x":88,"y":40},{"id":"278","x":89,"y":40},{"id":"81","x":90,"y":40},{"id":"59","x":91,"y":35},{"id":"60","x":92,"y":35},{"id":"61","x":93,"y":35},{"id":"64","x":91,"y":36},{"id":"65","x":92,"y":36},{"id":"66","x":93,"y":36},{"id":"69","x":91,"y":37},{"id":"70","x":92,"y":37},{"id":"71","x":93,"y":37},{"id":"74","x":91,"y":38},{"id":"75","x":92,"y":38},{"id":"76","x":93,"y":38},{"id":"79","x":91,"y":39},{"id":"276","x":92,"y":39},{"id":"80","x":93,"y":39},{"id":"277","x":91,"y":40},{"id":"278","x":92,"y":40},{"id":"81","x":93,"y":40},{"id":"53","x":80,"y":26},{"id":"54","x":81,"y":26},{"id":"55","x":82,"y":26},{"id":"56","x":83,"y":26},{"id":"58","x":80,"y":27},{"id":"59","x":81,"y":27},{"id":"60","x":82,"y":27},{"id":"61","x":83,"y":27},{"id":"63","x":80,"y":28},{"id":"64","x":81,"y":28},{"id":"65","x":82,"y":28},{"id":"66","x":83,"y":28},{"id":"68","x":80,"y":29},{"id":"69","x":81,"y":29},{"id":"70","x":82,"y":29},{"id":"71","x":83,"y":29},{"id":"73","x":80,"y":30},{"id":"74","x":81,"y":30},{"id":"75","x":82,"y":30},{"id":"76","x":83,"y":30},{"id":"58","x":80,"y":31},{"id":"59","x":81,"y":31},{"id":"60","x":82,"y":31},{"id":"63","x":80,"y":32},{"id":"64","x":81,"y":32},{"id":"65","x":82,"y":32},{"id":"58","x":83,"y":31},{"id":"63","x":83,"y":32},{"id":"64","x":84,"y":32},{"id":"65","x":85,"y":32},{"id":"63","x":86,"y":35},{"id":"58","x":86,"y":31},{"id":"63","x":86,"y":32},{"id":"58","x":84,"y":30},{"id":"63","x":84,"y":31},{"id":"63","x":86,"y":30},{"id":"58","x":86,"y":26},{"id":"63","x":86,"y":27},{"id":"58","x":86,"y":28},{"id":"63","x":86,"y":29},{"id":"58","x":85,"y":30},{"id":"63","x":85,"y":31},{"id":"99","x":88,"y":33},{"id":"100","x":89,"y":33},{"id":"101","x":90,"y":33},{"id":"102","x":91,"y":33},{"id":"103","x":88,"y":34},{"id":"104","x":89,"y":34},{"id":"105","x":90,"y":34},{"id":"106","x":91,"y":34},{"id":"99","x":84,"y":33},{"id":"100","x":85,"y":33},{"id":"101","x":86,"y":33},{"id":"102","x":87,"y":33},{"id":"103","x":84,"y":34},{"id":"104","x":85,"y":34},{"id":"105","x":86,"y":34},{"id":"106","x":87,"y":34},{"id":"59","x":89,"y":30},{"id":"60","x":90,"y":30},{"id":"61","x":91,"y":30},{"id":"64","x":89,"y":31},{"id":"65","x":90,"y":31},{"id":"66","x":91,"y":31},{"id":"69","x":89,"y":32},{"id":"70","x":90,"y":32},{"id":"71","x":91,"y":32}],"collider":false},{"name":"Water","tiles":[{"id":"288","x":11,"y":13},{"id":"289","x":12,"y":13},{"id":"288","x":13,"y":13},{"id":"289","x":14,"y":13},{"id":"289","x":15,"y":13}],"collider":false},{"name":"Bridge","tiles":[{"id":"290","x":14,"y":12},{"id":"290","x":13,"y":12},{"id":"290","x":12,"y":12},{"id":"290","x":11,"y":12},{"id":"290","x":15,"y":12}],"collider":true},{"name":"Ground","tiles":[{"id":"291","x":5,"y":11},{"id":"292","x":5,"y":12},{"id":"293","x":5,"y":13},{"id":"291","x":6,"y":11},{"id":"292","x":6,"y":12},{"id":"293","x":6,"y":13},{"id":"291","x":7,"y":11},{"id":"292","x":7,"y":12},{"id":"293","x":7,"y":13},{"id":"291","x":8,"y":11},{"id":"291","x":9,"y":11},{"id":"294","x":10,"y":11},{"id":"292","x":8,"y":12},{"id":"292","x":9,"y":12},{"id":"295","x":10,"y":12},{"id":"293","x":8,"y":13},{"id":"293","x":9,"y":13},{"id":"296","x":10,"y":13},{"id":"293","x":21,"y":13},{"id":"293","x":20,"y":13},{"id":"292","x":30,"y":11},{"id":"292","x":28,"y":11},{"id":"292","x":29,"y":11},{"id":"292","x":28,"y":12},{"id":"293","x":28,"y":13},{"id":"292","x":29,"y":12},{"id":"293","x":29,"y":13},{"id":"292","x":30,"y":12},{"id":"293","x":30,"y":13},{"id":"293","x":22,"y":13},{"id":"293","x":23,"y":13},{"id":"293","x":24,"y":13},{"id":"293","x":25,"y":13},{"id":"293","x":26,"y":13},{"id":"293","x":27,"y":13},{"id":"292","x":27,"y":11},{"id":"292","x":27,"y":12},{"id":"292","x":22,"y":12},{"id":"292","x":23,"y":12},{"id":"292","x":26,"y":11},{"id":"292","x":24,"y":12},{"id":"292","x":25,"y":12},{"id":"292","x":26,"y":12},{"id":"292","x":25,"y":11},{"id":"292","x":31,"y":11},{"id":"292","x":32,"y":11},{"id":"292","x":31,"y":12},{"id":"293","x":31,"y":13},{"id":"292","x":32,"y":12},{"id":"293","x":32,"y":13},{"id":"293","x":33,"y":13},{"id":"291","x":4,"y":11},{"id":"292","x":4,"y":12},{"id":"293","x":4,"y":13},{"id":"291","x":3,"y":11},{"id":"292","x":3,"y":12},{"id":"293","x":3,"y":13},{"id":"291","x":2,"y":11},{"id":"292","x":2,"y":12},{"id":"293","x":2,"y":13},{"id":"297","x":0,"y":11},{"id":"291","x":1,"y":11},{"id":"298","x":0,"y":12},{"id":"292","x":1,"y":12},{"id":"299","x":0,"y":13},{"id":"293","x":1,"y":13},{"id":"292","x":20,"y":12},{"id":"292","x":21,"y":12},{"id":"291","x":25,"y":9},{"id":"292","x":25,"y":10},{"id":"291","x":26,"y":9},{"id":"292","x":26,"y":10},{"id":"291","x":27,"y":9},{"id":"292","x":27,"y":10},{"id":"291","x":28,"y":9},{"id":"292","x":28,"y":10},{"id":"291","x":29,"y":9},{"id":"292","x":29,"y":10},{"id":"291","x":30,"y":9},{"id":"292","x":30,"y":10},{"id":"291","x":31,"y":9},{"id":"292","x":31,"y":10},{"id":"291","x":32,"y":9},{"id":"292","x":32,"y":10},{"id":"291","x":19,"y":11},{"id":"292","x":19,"y":12},{"id":"293","x":19,"y":13},{"id":"293","x":18,"y":13},{"id":"299","x":16,"y":13},{"id":"293","x":17,"y":13},{"id":"297","x":16,"y":11},{"id":"291","x":17,"y":11},{"id":"291","x":18,"y":11},{"id":"298","x":16,"y":12},{"id":"292","x":17,"y":12},{"id":"292","x":18,"y":12},{"id":"297","x":20,"y":10},{"id":"300","x":20,"y":11},{"id":"291","x":21,"y":10},{"id":"292","x":21,"y":11},{"id":"297","x":23,"y":9},{"id":"291","x":24,"y":9},{"id":"291","x":22,"y":10},{"id":"300","x":23,"y":10},{"id":"292","x":24,"y":10},{"id":"292","x":22,"y":11},{"id":"292","x":23,"y":11},{"id":"292","x":24,"y":11},{"id":"293","x":34,"y":13},{"id":"292","x":33,"y":12},{"id":"292","x":34,"y":12},{"id":"291","x":33,"y":9},{"id":"292","x":33,"y":10},{"id":"292","x":33,"y":11},{"id":"292","x":34,"y":11},{"id":"291","x":34,"y":9},{"id":"292","x":34,"y":10},{"id":"291","x":35,"y":9},{"id":"291","x":36,"y":9},{"id":"294","x":37,"y":9},{"id":"292","x":35,"y":10},{"id":"292","x":36,"y":10},{"id":"295","x":37,"y":10},{"id":"292","x":35,"y":11},{"id":"292","x":35,"y":12},{"id":"293","x":35,"y":13},{"id":"292","x":36,"y":11},{"id":"295","x":37,"y":11},{"id":"292","x":36,"y":12},{"id":"295","x":37,"y":12},{"id":"293","x":36,"y":13},{"id":"296","x":37,"y":13}],"collider":true},{"name":"Pickups","tiles":[{"id":"301","x":17,"y":10},{"id":"302","x":18,"y":10},{"id":"301","x":7,"y":9},{"id":"301","x":7,"y":8},{"id":"303","x":33,"y":5}],"collider":false},{"name":"Blocks","tiles":[{"id":"304","x":7,"y":10},{"id":"305","x":2,"y":10},{"id":"306","x":6,"y":10},{"id":"306","x":8,"y":10},{"id":"307","x":25,"y":8},{"id":"307","x":26,"y":8},{"id":"307","x":27,"y":8},{"id":"307","x":30,"y":7},{"id":"307","x":29,"y":7},{"id":"307","x":28,"y":7},{"id":"307","x":28,"y":8},{"id":"307","x":29,"y":8},{"id":"307","x":30,"y":8},{"id":"307","x":27,"y":7},{"id":"307","x":29,"y":6},{"id":"307","x":30,"y":6},{"id":"307","x":31,"y":6},{"id":"307","x":31,"y":7},{"id":"307","x":31,"y":8},{"id":"304","x":33,"y":8},{"id":"306","x":32,"y":8},{"id":"306","x":34,"y":8},{"id":"307","x":35,"y":8},{"id":"307","x":35,"y":7},{"id":"307","x":35,"y":6},{"id":"307","x":36,"y":6},{"id":"307","x":37,"y":6},{"id":"307","x":37,"y":7},{"id":"307","x":37,"y":8},{"id":"307","x":36,"y":7},{"id":"307","x":36,"y":8},{"id":"308","x":31,"y":2},{"id":"309","x":32,"y":2},{"id":"310","x":31,"y":3},{"id":"311","x":32,"y":3},{"id":"308","x":34,"y":2},{"id":"309","x":35,"y":2},{"id":"310","x":34,"y":3},{"id":"311","x":35,"y":3},{"id":"308","x":17,"y":6},{"id":"309","x":18,"y":6},{"id":"310","x":17,"y":7},{"id":"311","x":18,"y":7},{"id":"312","x":12,"y":9},{"id":"312","x":13,"y":9},{"id":"312","x":14,"y":9},{"id":"313","x":13,"y":6}],"collider":true},{"name":"Background","tiles":[{"id":"314","x":0,"y":6},{"id":"315","x":1,"y":6},{"id":"316","x":2,"y":6},{"id":"317","x":7,"y":6},{"id":"318","x":8,"y":6},{"id":"319","x":9,"y":6},{"id":"320","x":0,"y":7},{"id":"321","x":1,"y":7},{"id":"322","x":2,"y":7},{"id":"323","x":3,"y":7},{"id":"324","x":4,"y":7},{"id":"325","x":5,"y":7},{"id":"326","x":6,"y":7},{"id":"327","x":7,"y":7},{"id":"328","x":8,"y":7},{"id":"329","x":9,"y":7},{"id":"330","x":0,"y":8},{"id":"331","x":1,"y":8},{"id":"332","x":2,"y":8},{"id":"333","x":3,"y":8},{"id":"334","x":4,"y":8},{"id":"335","x":5,"y":8},{"id":"336","x":6,"y":8},{"id":"337","x":7,"y":8},{"id":"338","x":8,"y":8},{"id":"339","x":9,"y":8},{"id":"340","x":0,"y":9},{"id":"341","x":1,"y":9},{"id":"342","x":2,"y":9},{"id":"343","x":3,"y":9},{"id":"344","x":4,"y":9},{"id":"345","x":5,"y":9},{"id":"346","x":6,"y":9},{"id":"347","x":7,"y":9},{"id":"348","x":8,"y":9},{"id":"349","x":9,"y":9},{"id":"350","x":0,"y":10},{"id":"351","x":1,"y":10},{"id":"352","x":2,"y":10},{"id":"353","x":3,"y":10},{"id":"354","x":4,"y":10},{"id":"355","x":5,"y":10},{"id":"356","x":6,"y":10},{"id":"357","x":7,"y":10},{"id":"358","x":8,"y":10},{"id":"359","x":9,"y":10},{"id":"360","x":0,"y":11},{"id":"361","x":1,"y":11},{"id":"362","x":2,"y":11},{"id":"363","x":3,"y":11},{"id":"364","x":4,"y":11},{"id":"365","x":5,"y":11},{"id":"366","x":6,"y":11},{"id":"367","x":7,"y":11},{"id":"368","x":8,"y":11},{"id":"369","x":9,"y":11},{"id":"370","x":0,"y":12},{"id":"371","x":1,"y":12},{"id":"372","x":2,"y":12},{"id":"373","x":3,"y":12},{"id":"374","x":4,"y":12},{"id":"375","x":5,"y":12},{"id":"376","x":6,"y":12},{"id":"377","x":7,"y":12},{"id":"378","x":8,"y":12},{"id":"379","x":9,"y":12},{"id":"380","x":0,"y":13},{"id":"381","x":1,"y":13},{"id":"382","x":2,"y":13},{"id":"383","x":3,"y":13},{"id":"384","x":4,"y":13},{"id":"385","x":5,"y":13},{"id":"386","x":6,"y":13},{"id":"387","x":7,"y":13},{"id":"388","x":8,"y":13},{"id":"389","x":9,"y":13},{"id":"314","x":10,"y":6},{"id":"315","x":11,"y":6},{"id":"316","x":12,"y":6},{"id":"390","x":13,"y":6},{"id":"391","x":14,"y":6},{"id":"392","x":15,"y":6},{"id":"393","x":16,"y":6},{"id":"317","x":17,"y":6},{"id":"318","x":18,"y":6},{"id":"319","x":19,"y":6},{"id":"320","x":10,"y":7},{"id":"321","x":11,"y":7},{"id":"322","x":12,"y":7},{"id":"323","x":13,"y":7},{"id":"324","x":14,"y":7},{"id":"325","x":15,"y":7},{"id":"326","x":16,"y":7},{"id":"327","x":17,"y":7},{"id":"328","x":18,"y":7},{"id":"329","x":19,"y":7},{"id":"330","x":10,"y":8},{"id":"331","x":11,"y":8},{"id":"332","x":12,"y":8},{"id":"333","x":13,"y":8},{"id":"334","x":14,"y":8},{"id":"335","x":15,"y":8},{"id":"336","x":16,"y":8},{"id":"337","x":17,"y":8},{"id":"338","x":18,"y":8},{"id":"339","x":19,"y":8},{"id":"340","x":10,"y":9},{"id":"341","x":11,"y":9},{"id":"342","x":12,"y":9},{"id":"343","x":13,"y":9},{"id":"344","x":14,"y":9},{"id":"345","x":15,"y":9},{"id":"346","x":16,"y":9},{"id":"347","x":17,"y":9},{"id":"348","x":18,"y":9},{"id":"349","x":19,"y":9},{"id":"350","x":10,"y":10},{"id":"351","x":11,"y":10},{"id":"352","x":12,"y":10},{"id":"353","x":13,"y":10},{"id":"354","x":14,"y":10},{"id":"355","x":15,"y":10},{"id":"356","x":16,"y":10},{"id":"357","x":17,"y":10},{"id":"358","x":18,"y":10},{"id":"359","x":19,"y":10},{"id":"360","x":10,"y":11},{"id":"361","x":11,"y":11},{"id":"362","x":12,"y":11},{"id":"363","x":13,"y":11},{"id":"364","x":14,"y":11},{"id":"365","x":15,"y":11},{"id":"366","x":16,"y":11},{"id":"367","x":17,"y":11},{"id":"368","x":18,"y":11},{"id":"369","x":19,"y":11},{"id":"370","x":10,"y":12},{"id":"371","x":11,"y":12},{"id":"372","x":12,"y":12},{"id":"373","x":13,"y":12},{"id":"374","x":14,"y":12},{"id":"375","x":15,"y":12},{"id":"376","x":16,"y":12},{"id":"377","x":17,"y":12},{"id":"378","x":18,"y":12},{"id":"379","x":19,"y":12},{"id":"380","x":10,"y":13},{"id":"381","x":11,"y":13},{"id":"382","x":12,"y":13},{"id":"383","x":13,"y":13},{"id":"384","x":14,"y":13},{"id":"385","x":15,"y":13},{"id":"386","x":16,"y":13},{"id":"387","x":17,"y":13},{"id":"388","x":18,"y":13},{"id":"389","x":19,"y":13},{"id":"314","x":20,"y":6},{"id":"315","x":21,"y":6},{"id":"316","x":22,"y":6},{"id":"390","x":23,"y":6},{"id":"391","x":24,"y":6},{"id":"392","x":25,"y":6},{"id":"393","x":26,"y":6},{"id":"317","x":27,"y":6},{"id":"318","x":28,"y":6},{"id":"319","x":29,"y":6},{"id":"320","x":20,"y":7},{"id":"321","x":21,"y":7},{"id":"322","x":22,"y":7},{"id":"323","x":23,"y":7},{"id":"324","x":24,"y":7},{"id":"325","x":25,"y":7},{"id":"326","x":26,"y":7},{"id":"327","x":27,"y":7},{"id":"328","x":28,"y":7},{"id":"329","x":29,"y":7},{"id":"330","x":20,"y":8},{"id":"331","x":21,"y":8},{"id":"332","x":22,"y":8},{"id":"333","x":23,"y":8},{"id":"334","x":24,"y":8},{"id":"335","x":25,"y":8},{"id":"336","x":26,"y":8},{"id":"337","x":27,"y":8},{"id":"338","x":28,"y":8},{"id":"339","x":29,"y":8},{"id":"340","x":20,"y":9},{"id":"341","x":21,"y":9},{"id":"342","x":22,"y":9},{"id":"343","x":23,"y":9},{"id":"344","x":24,"y":9},{"id":"345","x":25,"y":9},{"id":"346","x":26,"y":9},{"id":"347","x":27,"y":9},{"id":"348","x":28,"y":9},{"id":"349","x":29,"y":9},{"id":"350","x":20,"y":10},{"id":"351","x":21,"y":10},{"id":"352","x":22,"y":10},{"id":"353","x":23,"y":10},{"id":"354","x":24,"y":10},{"id":"355","x":25,"y":10},{"id":"356","x":26,"y":10},{"id":"357","x":27,"y":10},{"id":"358","x":28,"y":10},{"id":"359","x":29,"y":10},{"id":"360","x":20,"y":11},{"id":"361","x":21,"y":11},{"id":"362","x":22,"y":11},{"id":"363","x":23,"y":11},{"id":"364","x":24,"y":11},{"id":"365","x":25,"y":11},{"id":"366","x":26,"y":11},{"id":"367","x":27,"y":11},{"id":"368","x":28,"y":11},{"id":"369","x":29,"y":11},{"id":"370","x":20,"y":12},{"id":"371","x":21,"y":12},{"id":"372","x":22,"y":12},{"id":"373","x":23,"y":12},{"id":"374","x":24,"y":12},{"id":"375","x":25,"y":12},{"id":"376","x":26,"y":12},{"id":"377","x":27,"y":12},{"id":"378","x":28,"y":12},{"id":"379","x":29,"y":12},{"id":"380","x":20,"y":13},{"id":"381","x":21,"y":13},{"id":"382","x":22,"y":13},{"id":"383","x":23,"y":13},{"id":"384","x":24,"y":13},{"id":"385","x":25,"y":13},{"id":"386","x":26,"y":13},{"id":"387","x":27,"y":13},{"id":"388","x":28,"y":13},{"id":"389","x":29,"y":13},{"id":"314","x":30,"y":6},{"id":"315","x":31,"y":6},{"id":"316","x":32,"y":6},{"id":"390","x":33,"y":6},{"id":"391","x":34,"y":6},{"id":"392","x":35,"y":6},{"id":"393","x":36,"y":6},{"id":"317","x":37,"y":6},{"id":"320","x":30,"y":7},{"id":"321","x":31,"y":7},{"id":"322","x":32,"y":7},{"id":"323","x":33,"y":7},{"id":"324","x":34,"y":7},{"id":"325","x":35,"y":7},{"id":"326","x":36,"y":7},{"id":"327","x":37,"y":7},{"id":"330","x":30,"y":8},{"id":"331","x":31,"y":8},{"id":"332","x":32,"y":8},{"id":"333","x":33,"y":8},{"id":"334","x":34,"y":8},{"id":"335","x":35,"y":8},{"id":"336","x":36,"y":8},{"id":"337","x":37,"y":8},{"id":"340","x":30,"y":9},{"id":"341","x":31,"y":9},{"id":"342","x":32,"y":9},{"id":"343","x":33,"y":9},{"id":"344","x":34,"y":9},{"id":"345","x":35,"y":9},{"id":"346","x":36,"y":9},{"id":"347","x":37,"y":9},{"id":"350","x":30,"y":10},{"id":"351","x":31,"y":10},{"id":"352","x":32,"y":10},{"id":"353","x":33,"y":10},{"id":"354","x":34,"y":10},{"id":"355","x":35,"y":10},{"id":"356","x":36,"y":10},{"id":"357","x":37,"y":10},{"id":"360","x":30,"y":11},{"id":"361","x":31,"y":11},{"id":"362","x":32,"y":11},{"id":"363","x":33,"y":11},{"id":"364","x":34,"y":11},{"id":"365","x":35,"y":11},{"id":"366","x":36,"y":11},{"id":"367","x":37,"y":11},{"id":"370","x":30,"y":12},{"id":"371","x":31,"y":12},{"id":"372","x":32,"y":12},{"id":"373","x":33,"y":12},{"id":"374","x":34,"y":12},{"id":"375","x":35,"y":12},{"id":"376","x":36,"y":12},{"id":"377","x":37,"y":12},{"id":"380","x":30,"y":13},{"id":"381","x":31,"y":13},{"id":"382","x":32,"y":13},{"id":"383","x":33,"y":13},{"id":"384","x":34,"y":13},{"id":"385","x":35,"y":13},{"id":"386","x":36,"y":13},{"id":"387","x":37,"y":13},{"id":"390","x":3,"y":6},{"id":"391","x":4,"y":6},{"id":"392","x":5,"y":6},{"id":"393","x":6,"y":6},{"id":"314","x":0,"y":5},{"id":"315","x":1,"y":5},{"id":"316","x":2,"y":5},{"id":"390","x":3,"y":5},{"id":"391","x":4,"y":5},{"id":"392","x":5,"y":5},{"id":"393","x":6,"y":5},{"id":"317","x":7,"y":5},{"id":"318","x":8,"y":5},{"id":"319","x":9,"y":5},{"id":"314","x":10,"y":5},{"id":"315","x":11,"y":5},{"id":"316","x":12,"y":5},{"id":"390","x":13,"y":5},{"id":"391","x":14,"y":5},{"id":"392","x":15,"y":5},{"id":"393","x":16,"y":5},{"id":"317","x":17,"y":5},{"id":"318","x":18,"y":5},{"id":"319","x":19,"y":5},{"id":"314","x":20,"y":5},{"id":"315","x":21,"y":5},{"id":"316","x":22,"y":5},{"id":"390","x":23,"y":5},{"id":"391","x":24,"y":5},{"id":"392","x":25,"y":5},{"id":"393","x":26,"y":5},{"id":"317","x":27,"y":5},{"id":"318","x":28,"y":5},{"id":"319","x":29,"y":5},{"id":"314","x":30,"y":5},{"id":"315","x":31,"y":5},{"id":"316","x":32,"y":5},{"id":"390","x":33,"y":5},{"id":"391","x":34,"y":5},{"id":"392","x":35,"y":5},{"id":"393","x":36,"y":5},{"id":"317","x":37,"y":5},{"id":"314","x":0,"y":4},{"id":"315","x":1,"y":4},{"id":"316","x":2,"y":4},{"id":"390","x":3,"y":4},{"id":"391","x":4,"y":4},{"id":"392","x":5,"y":4},{"id":"393","x":6,"y":4},{"id":"317","x":7,"y":4},{"id":"318","x":8,"y":4},{"id":"319","x":9,"y":4},{"id":"314","x":10,"y":4},{"id":"315","x":11,"y":4},{"id":"316","x":12,"y":4},{"id":"390","x":13,"y":4},{"id":"391","x":14,"y":4},{"id":"392","x":15,"y":4},{"id":"393","x":16,"y":4},{"id":"317","x":17,"y":4},{"id":"318","x":18,"y":4},{"id":"319","x":19,"y":4},{"id":"314","x":20,"y":4},{"id":"315","x":21,"y":4},{"id":"316","x":22,"y":4},{"id":"390","x":23,"y":4},{"id":"391","x":24,"y":4},{"id":"392","x":25,"y":4},{"id":"393","x":26,"y":4},{"id":"317","x":27,"y":4},{"id":"318","x":28,"y":4},{"id":"319","x":29,"y":4},{"id":"314","x":30,"y":4},{"id":"315","x":31,"y":4},{"id":"316","x":32,"y":4},{"id":"390","x":33,"y":4},{"id":"391","x":34,"y":4},{"id":"392","x":35,"y":4},{"id":"393","x":36,"y":4},{"id":"317","x":37,"y":4},{"id":"314","x":0,"y":3},{"id":"315","x":1,"y":3},{"id":"316","x":2,"y":3},{"id":"390","x":3,"y":3},{"id":"391","x":4,"y":3},{"id":"392","x":5,"y":3},{"id":"393","x":6,"y":3},{"id":"317","x":7,"y":3},{"id":"318","x":8,"y":3},{"id":"319","x":9,"y":3},{"id":"314","x":10,"y":3},{"id":"315","x":11,"y":3},{"id":"316","x":12,"y":3},{"id":"390","x":13,"y":3},{"id":"391","x":14,"y":3},{"id":"392","x":15,"y":3},{"id":"393","x":16,"y":3},{"id":"317","x":17,"y":3},{"id":"318","x":18,"y":3},{"id":"319","x":19,"y":3},{"id":"314","x":20,"y":3},{"id":"315","x":21,"y":3},{"id":"316","x":22,"y":3},{"id":"390","x":23,"y":3},{"id":"391","x":24,"y":3},{"id":"392","x":25,"y":3},{"id":"393","x":26,"y":3},{"id":"317","x":27,"y":3},{"id":"318","x":28,"y":3},{"id":"319","x":29,"y":3},{"id":"314","x":30,"y":3},{"id":"315","x":31,"y":3},{"id":"316","x":32,"y":3},{"id":"390","x":33,"y":3},{"id":"391","x":34,"y":3},{"id":"392","x":35,"y":3},{"id":"393","x":36,"y":3},{"id":"317","x":37,"y":3},{"id":"314","x":0,"y":2},{"id":"315","x":1,"y":2},{"id":"316","x":2,"y":2},{"id":"390","x":3,"y":2},{"id":"391","x":4,"y":2},{"id":"392","x":5,"y":2},{"id":"393","x":6,"y":2},{"id":"317","x":7,"y":2},{"id":"318","x":8,"y":2},{"id":"319","x":9,"y":2},{"id":"314","x":10,"y":2},{"id":"315","x":11,"y":2},{"id":"316","x":12,"y":2},{"id":"390","x":13,"y":2},{"id":"391","x":14,"y":2},{"id":"392","x":15,"y":2},{"id":"393","x":16,"y":2},{"id":"317","x":17,"y":2},{"id":"318","x":18,"y":2},{"id":"319","x":19,"y":2},{"id":"314","x":20,"y":2},{"id":"315","x":21,"y":2},{"id":"316","x":22,"y":2},{"id":"390","x":23,"y":2},{"id":"391","x":24,"y":2},{"id":"392","x":25,"y":2},{"id":"393","x":26,"y":2},{"id":"317","x":27,"y":2},{"id":"318","x":28,"y":2},{"id":"319","x":29,"y":2},{"id":"314","x":30,"y":2},{"id":"315","x":31,"y":2},{"id":"316","x":32,"y":2},{"id":"390","x":33,"y":2},{"id":"391","x":34,"y":2},{"id":"392","x":35,"y":2},{"id":"393","x":36,"y":2},{"id":"317","x":37,"y":2},{"id":"314","x":0,"y":1},{"id":"315","x":1,"y":1},{"id":"316","x":2,"y":1},{"id":"390","x":3,"y":1},{"id":"391","x":4,"y":1},{"id":"392","x":5,"y":1},{"id":"393","x":6,"y":1},{"id":"317","x":7,"y":1},{"id":"318","x":8,"y":1},{"id":"319","x":9,"y":1},{"id":"314","x":10,"y":1},{"id":"315","x":11,"y":1},{"id":"316","x":12,"y":1},{"id":"390","x":13,"y":1},{"id":"391","x":14,"y":1},{"id":"392","x":15,"y":1},{"id":"393","x":16,"y":1},{"id":"317","x":17,"y":1},{"id":"318","x":18,"y":1},{"id":"319","x":19,"y":1},{"id":"314","x":20,"y":1},{"id":"315","x":21,"y":1},{"id":"316","x":22,"y":1},{"id":"390","x":23,"y":1},{"id":"391","x":24,"y":1},{"id":"392","x":25,"y":1},{"id":"393","x":26,"y":1},{"id":"317","x":27,"y":1},{"id":"318","x":28,"y":1},{"id":"319","x":29,"y":1},{"id":"314","x":30,"y":1},{"id":"315","x":31,"y":1},{"id":"316","x":32,"y":1},{"id":"390","x":33,"y":1},{"id":"391","x":34,"y":1},{"id":"392","x":35,"y":1},{"id":"393","x":36,"y":1},{"id":"317","x":37,"y":1},{"id":"394","x":0,"y":0},{"id":"395","x":1,"y":0},{"id":"396","x":2,"y":0},{"id":"397","x":3,"y":0},{"id":"398","x":4,"y":0},{"id":"399","x":5,"y":0},{"id":"400","x":6,"y":0},{"id":"401","x":7,"y":0},{"id":"402","x":8,"y":0},{"id":"403","x":9,"y":0},{"id":"394","x":10,"y":0},{"id":"395","x":11,"y":0},{"id":"396","x":12,"y":0},{"id":"397","x":13,"y":0},{"id":"398","x":14,"y":0},{"id":"399","x":15,"y":0},{"id":"400","x":16,"y":0},{"id":"401","x":17,"y":0},{"id":"402","x":18,"y":0},{"id":"403","x":19,"y":0},{"id":"394","x":20,"y":0},{"id":"395","x":21,"y":0},{"id":"396","x":22,"y":0},{"id":"397","x":23,"y":0},{"id":"398","x":24,"y":0},{"id":"399","x":25,"y":0},{"id":"400","x":26,"y":0},{"id":"401","x":27,"y":0},{"id":"402","x":28,"y":0},{"id":"403","x":29,"y":0},{"id":"394","x":30,"y":0},{"id":"395","x":31,"y":0},{"id":"396","x":32,"y":0},{"id":"397","x":33,"y":0},{"id":"398","x":34,"y":0},{"id":"399","x":35,"y":0},{"id":"400","x":36,"y":0},{"id":"401","x":37,"y":0}],"collider":false}]}